id,user id,class,namespace,name,version major,version minor,creation date time,creation date time epoch milli,source_name,modality,date,device,active time in seconds,walking distance in km,steps,geodiameter in km,max gait speed in meter per second,leaving home time,return home time,time not at home in seconds,coverage
mobility-daily-summary-google:108274213374340954232-2014-09-03-moves-app,google:108274213374340954232,org.openmhealth.dsu.domain.DataPoint,cornell,mobility-daily-summary,1.0,0.0,2014-09-03T23:59:59.999-04:00,1409803199999,Mobility-DPU-v1.0-Moves-App,SENSED,2014-09-03,Moves-App,2560.0,2.8,2897.0,4.534246788488182,1.3763041869837371,,,,0.355779580782185
mobility-daily-summary-google:108274213374340954232-2014-09-04-moves-app,google:108274213374340954232,org.openmhealth.dsu.domain.DataPoint,cornell,mobility-daily-summary,1.0,0.0,2014-09-04T23:59:59.999-04:00,1409889599999,Mobility-DPU-v1.0-Moves-App,SENSED,2014-09-04,Moves-App,6024.0,7.004,8485.0,4.480700155992491,2.4589884501055197,0.0,0.0,31998.0,0.9999884257919652
mobility-daily-summary-google:108274213374340954232-2014-09-05-moves-app,google:108274213374340954232,org.openmhealth.dsu.domain.DataPoint,cornell,mobility-daily-summary,1.0,0.0,2014-09-05T23:59:59.999-04:00,1409975999999,Mobility-DPU-v1.0-Moves-App,SENSED,2014-09-05,Moves-App,2110.0,2.038,3453.0,0.6287776778884911,2.9623074440372053,0.0,0.0,13074.0,0.884061158115256
mobility-daily-summary-google:108274213374340954232-2014-09-06-moves-app,google:108274213374340954232,org.openmhealth.dsu.domain.DataPoint,cornell,mobility-daily-summary,1.0,0.0,2014-09-06T23:59:59.999-04:00,1410062399999,Mobility-DPU-v1.0-Moves-App,SENSED,2014-09-06,Moves-App,2354.0,2.335,2352.0,0.0,1.5457499110795767,,,0.0,0.2643201888910751
mobility-daily-summary-google:108274213374340954232-2014-09-07-moves-app,google:108274213374340954232,org.openmhealth.dsu.domain.DataPoint,cornell,mobility-daily-summary,1.0,0.0,2014-09-07T23:59:59.999-04:00,1410148799999,Mobility-DPU-v1.0-Moves-App,SENSED,2014-09-07,Moves-App,939.0,0.935,711.0,0.23943026998143624,3.21874499475805,0.0,0.0,1563.0,0.9193624926214424
mobility-daily-summary-google:108274213374340954232-2014-09-08-moves-app,google:108274213374340954232,org.openmhealth.dsu.domain.DataPoint,cornell,mobility-daily-summary,1.0,0.0,2014-09-08T23:59:59.999-04:00,1410235199999,Mobility-DPU-v1.0-Moves-App,SENSED,2014-09-08,Moves-App,5608.0,5.575,6836.0,4.534246788488182,1.7516365899203237,0.0,0.0,36885.0,0.9073484646813041
mobility-daily-summary-google:108274213374340954232-2014-09-09-moves-app,google:108274213374340954232,org.openmhealth.dsu.domain.DataPoint,cornell,mobility-daily-summary,1.0,0.0,2014-09-09T23:59:59.999-04:00,1410321599999,Mobility-DPU-v1.0-Moves-App,SENSED,2014-09-09,Moves-App,2367.0,2.361,2625.0,4.480700155992491,2.536855854883482,,,,0.4092987187351705
mobility-daily-summary-google:108274213374340954232-2014-09-10-moves-app,google:108274213374340954232,org.openmhealth.dsu.domain.DataPoint,cornell,mobility-daily-summary,1.0,0.0,2014-09-10T23:59:59.999-04:00,1410407999999,Mobility-DPU-v1.0-Moves-App,SENSED,2014-09-10,Moves-App,5076.0,4.406,4430.0,4.480700155992491,1.380350156336571,0.0,0.0,46308.0,0.9999884257919652
mobility-daily-summary-google:108274213374340954232-2014-09-11-moves-app,google:108274213374340954232,org.openmhealth.dsu.domain.DataPoint,cornell,mobility-daily-summary,1.0,0.0,2014-09-11T23:59:59.999-04:00,1410494399999,Mobility-DPU-v1.0-Moves-App,SENSED,2014-09-11,Moves-App,4921.0,5.433,7455.0,4.480700155992491,2.1994146464024027,0.0,0.0,30016.0,0.9879859720598618
mobility-daily-summary-google:108274213374340954232-2014-09-12-moves-app,google:108274213374340954232,org.openmhealth.dsu.domain.DataPoint,cornell,mobility-daily-summary,1.0,0.0,2014-09-12T23:59:59.999-04:00,1410580799999,Mobility-DPU-v1.0-Moves-App,SENSED,2014-09-12,Moves-App,4716.0,4.698,5435.0,4.522079776491851,1.6879545414491008,0.0,0.0,29351.0,0.9819905322978275
mobility-daily-summary-google:108274213374340954232-2014-09-13-moves-app,google:108274213374340954232,org.openmhealth.dsu.domain.DataPoint,cornell,mobility-daily-summary,1.0,0.0,2014-09-13T23:59:59.999-04:00,1410667199999,Mobility-DPU-v1.0-Moves-App,SENSED,2014-09-13,Moves-App,443.0,0.303,378.0,0.16561166279569656,0.6028707150025625,,,0.0,0.6091389946642901
mobility-daily-summary-google:108274213374340954232-2014-09-14-moves-app,google:108274213374340954232,org.openmhealth.dsu.domain.DataPoint,cornell,mobility-daily-summary,1.0,0.0,2014-09-14T23:59:59.999-04:00,1410753599999,Mobility-DPU-v1.0-Moves-App,SENSED,2014-09-14,Moves-App,1600.0,1.676,2458.0,0.48319258960736167,2.2899704404071333,0.0,0.0,1963.0,0.4015902961839836
mobility-daily-summary-google:108274213374340954232-2014-09-15-moves-app,google:108274213374340954232,org.openmhealth.dsu.domain.DataPoint,cornell,mobility-daily-summary,1.0,0.0,2014-09-15T23:59:59.999-04:00,1410839999999,Mobility-DPU-v1.0-Moves-App,SENSED,2014-09-15,Moves-App,5457.0,5.723,8470.0,4.480700155992491,1.7428258671462447,0.0,0.0,32379.0,1.0
mobility-daily-summary-google:108274213374340954232-2014-09-16-moves-app,google:108274213374340954232,org.openmhealth.dsu.domain.DataPoint,cornell,mobility-daily-summary,1.0,0.0,2014-09-16T23:59:59.999-04:00,1410926399999,Mobility-DPU-v1.0-Moves-App,SENSED,2014-09-16,Moves-App,4867.0,4.639,7341.0,4.480700155992491,1.6630453048572447,0.0,0.0,32621.0,1.0
mobility-daily-summary-google:108274213374340954232-2014-09-17-moves-app,google:108274213374340954232,org.openmhealth.dsu.domain.DataPoint,cornell,mobility-daily-summary,1.0,0.0,2014-09-17T23:59:59.999-04:00,1411012799999,Mobility-DPU-v1.0-Moves-App,SENSED,2014-09-17,Moves-App,3655.0,3.558,4246.0,3973.2217168038264,1.7959923469533747,,,,0.7163624578988183
mobility-daily-summary-google:108274213374340954232-2014-09-18-moves-app,google:108274213374340954232,org.openmhealth.dsu.domain.DataPoint,cornell,mobility-daily-summary,1.0,0.0,2014-09-18T23:59:59.999-04:00,1411099199999,Mobility-DPU-v1.0-Moves-App,SENSED,2014-09-18,Moves-App,2351.0,1.937,2005.0,0.5642521098524594,0.8534780081545422,0.0,0.0,69140.0,0.2534520075463836
mobility-daily-summary-google:108274213374340954232-2014-09-19-moves-app,google:108274213374340954232,org.openmhealth.dsu.domain.DataPoint,cornell,mobility-daily-summary,1.0,0.0,2014-09-19T23:59:59.999-04:00,1411185599999,Mobility-DPU-v1.0-Moves-App,SENSED,2014-09-19,Moves-App,30.0,0.015,30.0,0.0,,,,0.0,1.0
mobility-daily-summary-google:108274213374340954232-2014-09-20-moves-app,google:108274213374340954232,org.openmhealth.dsu.domain.DataPoint,cornell,mobility-daily-summary,1.0,0.0,2014-09-20T23:59:59.999-04:00,1411271999999,Mobility-DPU-v1.0-Moves-App,SENSED,2014-09-20,Moves-App,827.0,0.823,1143.0,12.142511936789358,3.0955397232998707,,,,0.9568050556140696
mobility-daily-summary-google:108274213374340954232-2014-09-21-moves-app,google:108274213374340954232,org.openmhealth.dsu.domain.DataPoint,cornell,mobility-daily-summary,1.0,0.0,2014-09-21T23:59:59.999-04:00,1411358399999,Mobility-DPU-v1.0-Moves-App,SENSED,2014-09-21,Moves-App,3432.0,3.585,2695.0,7.24048548998868,1.6236760328966855,,,,0.9727890369101494
mobility-daily-summary-google:108274213374340954232-2014-09-22-moves-app,google:108274213374340954232,org.openmhealth.dsu.domain.DataPoint,cornell,mobility-daily-summary,1.0,0.0,2014-09-22T23:59:59.999-04:00,1411444799999,Mobility-DPU-v1.0-Moves-App,SENSED,2014-09-22,Moves-App,78.0,0.049,92.0,7.24048548998868,,,,,1.0
mobility-daily-summary-google:108274213374340954232-2014-09-23-moves-app,google:108274213374340954232,org.openmhealth.dsu.domain.DataPoint,cornell,mobility-daily-summary,1.0,0.0,2014-09-23T23:59:59.999-04:00,1411531199999,Mobility-DPU-v1.0-Moves-App,SENSED,2014-09-23,Moves-App,6.0,0.004,8.0,0.0,,,,0.0,1.0
mobility-daily-summary-google:108274213374340954232-2014-09-24-moves-app,google:108274213374340954232,org.openmhealth.dsu.domain.DataPoint,cornell,mobility-daily-summary,1.0,0.0,2014-09-24T23:59:59.999-04:00,1411617599999,Mobility-DPU-v1.0-Moves-App,SENSED,2014-09-24,Moves-App,166.0,0.097,184.0,0.0,,,,0.0,0.9370594567066748
mobility-daily-summary-google:108274213374340954232-2014-09-25-moves-app,google:108274213374340954232,org.openmhealth.dsu.domain.DataPoint,cornell,mobility-daily-summary,1.0,0.0,2014-09-25T23:59:59.999-04:00,1411703999999,Mobility-DPU-v1.0-Moves-App,SENSED,2014-09-25,Moves-App,3061.0,2.858,2946.0,0.8063982079907843,2.372078962992471,0.0,0.0,15124.0,0.7570226507251241
mobility-daily-summary-google:108274213374340954232-2014-09-26-moves-app,google:108274213374340954232,org.openmhealth.dsu.domain.DataPoint,cornell,mobility-daily-summary,1.0,0.0,2014-09-26T23:59:59.999-04:00,1411790399999,Mobility-DPU-v1.0-Moves-App,SENSED,2014-09-26,Moves-App,155.0,0.098,191.0,0.0,,,,0.0,1.0
mobility-daily-summary-google:108274213374340954232-2014-09-27-moves-app,google:108274213374340954232,org.openmhealth.dsu.domain.DataPoint,cornell,mobility-daily-summary,1.0,0.0,2014-09-27T23:59:59.999-04:00,1411876799999,Mobility-DPU-v1.0-Moves-App,SENSED,2014-09-27,Moves-App,2564.0,2.075,3259.0,1.160174786592366,1.6377045550155036,,,,1.0
mobility-daily-summary-google:108274213374340954232-2014-09-28-moves-app,google:108274213374340954232,org.openmhealth.dsu.domain.DataPoint,cornell,mobility-daily-summary,1.0,0.0,2014-09-28T23:59:59.999-04:00,1411963199999,Mobility-DPU-v1.0-Moves-App,SENSED,2014-09-28,Moves-App,2317.0,2.095,3501.0,1.160174786592366,1.3983118782227446,,,,0.7432724915797637
mobility-daily-summary-google:108274213374340954232-2014-09-29-moves-app,google:108274213374340954232,org.openmhealth.dsu.domain.DataPoint,cornell,mobility-daily-summary,1.0,0.0,2014-09-29T23:59:59.999-04:00,1412049599999,Mobility-DPU-v1.0-Moves-App,SENSED,2014-09-29,Moves-App,2008.0,2.673,2900.0,4193.254076852523,0.31895887556958047,,,,0.576638618502529
mobility-daily-summary-google:108274213374340954232-2014-09-30-moves-app,google:108274213374340954232,org.openmhealth.dsu.domain.DataPoint,cornell,mobility-daily-summary,1.0,0.0,2014-09-30T23:59:59.999-04:00,1412135999999,Mobility-DPU-v1.0-Moves-App,SENSED,2014-09-30,Moves-App,1667.0,1.608,2360.0,0.5295963872576988,1.412590044222101,0.0,0.0,25724.0,0.7592564728758435
mobility-daily-summary-google:108274213374340954232-2014-10-01-moves-app,google:108274213374340954232,org.openmhealth.dsu.domain.DataPoint,cornell,mobility-daily-summary,1.0,0.0,2014-10-01T23:59:59.999-04:00,1412222399999,Mobility-DPU-v1.0-Moves-App,SENSED,2014-10-01,Moves-App,5348.0,5.667,7067.0,4.80833037265082,1.4511520454309739,0.0,0.0,33097.0,0.9575226565122282
mobility-daily-summary-google:108274213374340954232-2014-10-02-moves-app,google:108274213374340954232,org.openmhealth.dsu.domain.DataPoint,cornell,mobility-daily-summary,1.0,0.0,2014-10-02T23:59:59.999-04:00,1412308799999,Mobility-DPU-v1.0-Moves-App,SENSED,2014-10-02,Moves-App,998.0,0.716,1061.0,0.0,1.342607326757549,,,0.0,0.7980879408326484
mobility-daily-summary-google:108274213374340954232-2014-10-03-moves-app,google:108274213374340954232,org.openmhealth.dsu.domain.DataPoint,cornell,mobility-daily-summary,1.0,0.0,2014-10-03T23:59:59.999-04:00,1412395199999,Mobility-DPU-v1.0-Moves-App,SENSED,2014-10-03,Moves-App,4429.0,3.622,4878.0,4.80833037265082,1.2774085223214602,,,,0.8807972314494381
mobility-daily-summary-google:108274213374340954232-2014-10-04-moves-app,google:108274213374340954232,org.openmhealth.dsu.domain.DataPoint,cornell,mobility-daily-summary,1.0,0.0,2014-10-04T23:59:59.999-04:00,1412481599999,Mobility-DPU-v1.0-Moves-App,SENSED,2014-10-04,Moves-App,446.0,0.347,572.0,0.16561166279569656,0.7481457277866511,,,0.0,0.1926295443234297
mobility-daily-summary-google:108274213374340954232-2014-10-05-moves-app,google:108274213374340954232,org.openmhealth.dsu.domain.DataPoint,cornell,mobility-daily-summary,1.0,0.0,2014-10-05T23:59:59.999-04:00,1412567999999,Mobility-DPU-v1.0-Moves-App,SENSED,2014-10-05,Moves-App,1599.0,1.366,1701.0,0.48319258960736167,3.7390137460498805,0.0,0.0,2024.0,0.06143589624879918
mobility-daily-summary-google:108274213374340954232-2014-10-06-moves-app,google:108274213374340954232,org.openmhealth.dsu.domain.DataPoint,cornell,mobility-daily-summary,1.0,0.0,2014-10-06T23:59:59.999-04:00,1412654399999,Mobility-DPU-v1.0-Moves-App,SENSED,2014-10-06,Moves-App,3538.0,3.692,3692.0,4.480700155992491,1.3040567225355015,0.0,0.0,34691.0,0.799499994212896
mobility-daily-summary-google:108274213374340954232-2014-10-07-moves-app,google:108274213374340954232,org.openmhealth.dsu.domain.DataPoint,cornell,mobility-daily-summary,1.0,0.0,2014-10-07T23:59:59.999-04:00,1412740799999,Mobility-DPU-v1.0-Moves-App,SENSED,2014-10-07,Moves-App,5303.0,5.63,5795.0,4.480700155992491,1.3000818554475515,0.0,0.0,32725.0,0.8606233868447551
mobility-daily-summary-google:108274213374340954232-2014-10-08-moves-app,google:108274213374340954232,org.openmhealth.dsu.domain.DataPoint,cornell,mobility-daily-summary,1.0,0.0,2014-10-08T23:59:59.999-04:00,1412827199999,Mobility-DPU-v1.0-Moves-App,SENSED,2014-10-08,Moves-App,3427.0,3.206,3765.0,4.80833037265082,1.9406621835015374,,,,1.0
mobility-daily-summary-google:108274213374340954232-2014-10-09-moves-app,google:108274213374340954232,org.openmhealth.dsu.domain.DataPoint,cornell,mobility-daily-summary,1.0,0.0,2014-10-09T23:59:59.999-04:00,1412913599999,Mobility-DPU-v1.0-Moves-App,SENSED,2014-10-09,Moves-App,5270.0,5.495,8153.0,2.911244892498148,2.0119618112529722,,,,0.9388418847440364
mobility-daily-summary-google:108274213374340954232-2014-10-10-moves-app,google:108274213374340954232,org.openmhealth.dsu.domain.DataPoint,cornell,mobility-daily-summary,1.0,0.0,2014-10-10T23:59:59.999-04:00,1412999999999,Mobility-DPU-v1.0-Moves-App,SENSED,2014-10-10,Moves-App,4886.0,4.673,4718.0,5.01636595906347,1.9473770160246358,0.0,0.0,38885.0,0.8859940508570701
mobility-daily-summary-google:108274213374340954232-2014-10-11-moves-app,google:108274213374340954232,org.openmhealth.dsu.domain.DataPoint,cornell,mobility-daily-summary,1.0,0.0,2014-10-11T23:59:59.999-04:00,1413086399999,Mobility-DPU-v1.0-Moves-App,SENSED,2014-10-11,Moves-App,14175.0,15.29,14911.0,7.995153736292413,1.8560348629930712,0.0,0.0,31017.0,1.0
mobility-daily-summary-google:108274213374340954232-2014-10-12-moves-app,google:108274213374340954232,org.openmhealth.dsu.domain.DataPoint,cornell,mobility-daily-summary,1.0,0.0,2014-10-12T23:59:59.999-04:00,1413172799999,Mobility-DPU-v1.0-Moves-App,SENSED,2014-10-12,Moves-App,0.0,0.0,0.0,0.0,,,,0.0,1.0
mobility-daily-summary-google:108274213374340954232-2014-10-13-moves-app,google:108274213374340954232,org.openmhealth.dsu.domain.DataPoint,cornell,mobility-daily-summary,1.0,0.0,2014-10-13T23:59:59.999-04:00,1413259199999,Mobility-DPU-v1.0-Moves-App,SENSED,2014-10-13,Moves-App,2023.0,1.915,3486.0,0.6287776778884911,1.7949975686394648,0.0,0.0,7369.0,1.0
mobility-daily-summary-google:108274213374340954232-2014-10-14-moves-app,google:108274213374340954232,org.openmhealth.dsu.domain.DataPoint,cornell,mobility-daily-summary,1.0,0.0,2014-10-14T23:59:59.999-04:00,1413345599999,Mobility-DPU-v1.0-Moves-App,SENSED,2014-10-14,Moves-App,3772.0,4.211,4563.0,281.4611397917274,1.4321587194837577,,,,1.0
mobility-daily-summary-google:108274213374340954232-2014-10-15-moves-app,google:108274213374340954232,org.openmhealth.dsu.domain.DataPoint,cornell,mobility-daily-summary,1.0,0.0,2014-10-15T23:59:59.999-04:00,1413431999999,Mobility-DPU-v1.0-Moves-App,SENSED,2014-10-15,Moves-App,3952.0,3.988,4440.0,1.9176550242065311,2.2772842317341566,,,,0.9077072651303835
mobility-daily-summary-google:108274213374340954232-2014-10-16-moves-app,google:108274213374340954232,org.openmhealth.dsu.domain.DataPoint,cornell,mobility-daily-summary,1.0,0.0,2014-10-16T23:59:59.999-04:00,1413518399999,Mobility-DPU-v1.0-Moves-App,SENSED,2014-10-16,Moves-App,3714.0,3.138,3525.0,1.9519494787901193,1.9024621478928598,,,,0.6216391393418905
mobility-daily-summary-google:108274213374340954232-2014-10-17-moves-app,google:108274213374340954232,org.openmhealth.dsu.domain.DataPoint,cornell,mobility-daily-summary,1.0,0.0,2014-10-17T23:59:59.999-04:00,1413604799999,Mobility-DPU-v1.0-Moves-App,SENSED,2014-10-17,Moves-App,1988.0,1.679,2183.0,5.029679265710102,1.5905274633269086,,,,0.909617009456128
mobility-daily-summary-google:108274213374340954232-2014-10-18-moves-app,google:108274213374340954232,org.openmhealth.dsu.domain.DataPoint,cornell,mobility-daily-summary,1.0,0.0,2014-10-18T23:59:59.999-04:00,1413691199999,Mobility-DPU-v1.0-Moves-App,SENSED,2014-10-18,Moves-App,8125.0,9.02,12256.0,281.84952649975526,1.8510776201121841,,,,0.9999884257919652
mobility-daily-summary-google:108274213374340954232-2014-10-19-moves-app,google:108274213374340954232,org.openmhealth.dsu.domain.DataPoint,cornell,mobility-daily-summary,1.0,0.0,2014-10-19T23:59:59.999-04:00,1413777599999,Mobility-DPU-v1.0-Moves-App,SENSED,2014-10-19,Moves-App,978.0,0.885,1768.0,0.18030637931554006,0.8694927446821681,,,0.0,1.0
mobility-daily-summary-google:108274213374340954232-2014-10-20-moves-app,google:108274213374340954232,org.openmhealth.dsu.domain.DataPoint,cornell,mobility-daily-summary,1.0,0.0,2014-10-20T23:59:59.999-04:00,1413863999999,Mobility-DPU-v1.0-Moves-App,SENSED,2014-10-20,Moves-App,3822.0,4.581,5592.0,4.522079776491851,2.6503019902019664,0.0,0.0,43746.0,0.986909570712624
mobility-daily-summary-google:108274213374340954232-2014-10-21-moves-app,google:108274213374340954232,org.openmhealth.dsu.domain.DataPoint,cornell,mobility-daily-summary,1.0,0.0,2014-10-21T23:59:59.999-04:00,1413950399999,Mobility-DPU-v1.0-Moves-App,SENSED,2014-10-21,Moves-App,5681.0,6.24,8476.0,4.522079776491851,2.125081865768417,0.0,0.0,39214.0,0.9586685031076749
mobility-daily-summary-google:108274213374340954232-2014-10-22-moves-app,google:108274213374340954232,org.openmhealth.dsu.domain.DataPoint,cornell,mobility-daily-summary,1.0,0.0,2014-10-22T23:59:59.999-04:00,1414036799999,Mobility-DPU-v1.0-Moves-App,SENSED,2014-10-22,Moves-App,2846.0,2.82,2614.0,4.480700155992491,1.1813487496818198,,,,0.984397967569069
mobility-daily-summary-google:108274213374340954232-2014-10-23-moves-app,google:108274213374340954232,org.openmhealth.dsu.domain.DataPoint,cornell,mobility-daily-summary,1.0,0.0,2014-10-23T23:59:59.999-04:00,1414123199999,Mobility-DPU-v1.0-Moves-App,SENSED,2014-10-23,Moves-App,4019.0,3.831,5610.0,4.80833037265082,1.3072730998422042,,,,0.2709522100950242
mobility-daily-summary-google:108274213374340954232-2014-10-24-moves-app,google:108274213374340954232,org.openmhealth.dsu.domain.DataPoint,cornell,mobility-daily-summary,1.0,0.0,2014-10-24T23:59:59.999-04:00,1414209599999,Mobility-DPU-v1.0-Moves-App,SENSED,2014-10-24,Moves-App,0.0,0.0,0.0,0.0,,,,0.0,0.2396555515688839
mobility-daily-summary-google:108274213374340954232-2014-10-25-moves-app,google:108274213374340954232,org.openmhealth.dsu.domain.DataPoint,cornell,mobility-daily-summary,1.0,0.0,2014-10-25T23:59:59.999-04:00,1414295999999,Mobility-DPU-v1.0-Moves-App,SENSED,2014-10-25,Moves-App,1141.0,0.801,1090.0,0.18030637931554006,0.9945917155672073,,,0.0,0.9999884257919652
mobility-daily-summary-google:108274213374340954232-2014-10-26-moves-app,google:108274213374340954232,org.openmhealth.dsu.domain.DataPoint,cornell,mobility-daily-summary,1.0,0.0,2014-10-26T23:59:59.999-04:00,1414382399999,Mobility-DPU-v1.0-Moves-App,SENSED,2014-10-26,Moves-App,2118.0,2.018,2210.0,0.6287776778884911,1.1490592661825099,0.0,0.0,8533.0,0.9449299181703492
mobility-daily-summary-google:108274213374340954232-2014-10-27-moves-app,google:108274213374340954232,org.openmhealth.dsu.domain.DataPoint,cornell,mobility-daily-summary,1.0,0.0,2014-10-27T23:59:59.999-04:00,1414468799999,Mobility-DPU-v1.0-Moves-App,SENSED,2014-10-27,Moves-App,0.0,0.0,0.0,0.0,,,,0.0,0.9999884257919652
mobility-daily-summary-google:108274213374340954232-2014-10-28-moves-app,google:108274213374340954232,org.openmhealth.dsu.domain.DataPoint,cornell,mobility-daily-summary,1.0,0.0,2014-10-28T23:59:59.999-04:00,1414555199999,Mobility-DPU-v1.0-Moves-App,SENSED,2014-10-28,Moves-App,3742.0,3.669,4806.0,4.522079776491851,1.4268171726245713,,,,1.0
mobility-daily-summary-google:108274213374340954232-2014-10-29-moves-app,google:108274213374340954232,org.openmhealth.dsu.domain.DataPoint,cornell,mobility-daily-summary,1.0,0.0,2014-10-29T23:59:59.999-04:00,1414641599999,Mobility-DPU-v1.0-Moves-App,SENSED,2014-10-29,Moves-App,3812.0,3.78,4345.0,4.523390346336465,1.4956195003930635,0.0,0.0,53951.0,0.8523246796837926
mobility-daily-summary-google:108274213374340954232-2014-10-30-moves-app,google:108274213374340954232,org.openmhealth.dsu.domain.DataPoint,cornell,mobility-daily-summary,1.0,0.0,2014-10-30T23:59:59.999-04:00,1414727999999,Mobility-DPU-v1.0-Moves-App,SENSED,2014-10-30,Moves-App,0.0,0.0,0.0,0.0,,,,0.0,0.0729406590354055
mobility-daily-summary-google:108274213374340954232-2014-10-31-moves-app,google:108274213374340954232,org.openmhealth.dsu.domain.DataPoint,cornell,mobility-daily-summary,1.0,0.0,2014-10-31T23:59:59.999-04:00,1414814399999,Mobility-DPU-v1.0-Moves-App,SENSED,2014-10-31,Moves-App,4391.0,4.724,4585.0,4.658968163711276,1.8030451941975711,0.0,0.0,26367.0,0.7122883366705633
mobility-daily-summary-google:108274213374340954232-2014-11-01-moves-app,google:108274213374340954232,org.openmhealth.dsu.domain.DataPoint,cornell,mobility-daily-summary,1.0,0.0,2014-11-01T23:59:59.999-04:00,1414900799999,Mobility-DPU-v1.0-Moves-App,SENSED,2014-11-01,Moves-App,20.0,0.016,30.0,0.0,,,,0.0,0.341809511684163
mobility-daily-summary-google:108274213374340954232-2014-11-02-moves-app,google:108274213374340954232,org.openmhealth.dsu.domain.DataPoint,cornell,mobility-daily-summary,1.0,0.0,2014-11-02T23:59:59.999-05:00,1414990799999,Mobility-DPU-v1.0-Moves-App,SENSED,2014-11-02,Moves-App,8153.0,7.694,7728.0,9.51567939868721,1.813662778480373,,,,0.7136079289769885
mobility-daily-summary-google:108274213374340954232-2014-11-03-moves-app,google:108274213374340954232,org.openmhealth.dsu.domain.DataPoint,cornell,mobility-daily-summary,1.0,0.0,2014-11-03T23:59:59.999-05:00,1415077199999,Mobility-DPU-v1.0-Moves-App,SENSED,2014-11-03,Moves-App,3707.0,2.718,4767.0,3.8909250941158673,1.418422433849164,,,,0.4294725633398535
mobility-daily-summary-google:108274213374340954232-2014-11-04-moves-app,google:108274213374340954232,org.openmhealth.dsu.domain.DataPoint,cornell,mobility-daily-summary,1.0,0.0,2014-11-04T23:59:59.999-05:00,1415163599999,Mobility-DPU-v1.0-Moves-App,SENSED,2014-11-04,Moves-App,3643.0,4.141,4479.0,4.658968163711276,2.1467391300564556,0.0,0.0,32933.0,0.7970925589416544
mobility-daily-summary-google:108274213374340954232-2014-11-05-moves-app,google:108274213374340954232,org.openmhealth.dsu.domain.DataPoint,cornell,mobility-daily-summary,1.0,0.0,2014-11-05T23:59:59.999-05:00,1415249999999,Mobility-DPU-v1.0-Moves-App,SENSED,2014-11-05,Moves-App,2868.0,2.895,3204.0,4.658968163711276,1.3975362380050094,,,,0.4406995451336242
mobility-daily-summary-google:108274213374340954232-2014-11-06-moves-app,google:108274213374340954232,org.openmhealth.dsu.domain.DataPoint,cornell,mobility-daily-summary,1.0,0.0,2014-11-06T23:59:59.999-05:00,1415336399999,Mobility-DPU-v1.0-Moves-App,SENSED,2014-11-06,Moves-App,3230.0,3.961,4426.0,4.534246788488182,1.600890752335454,0.0,0.0,24670.0,0.8953691593652704
mobility-daily-summary-google:108274213374340954232-2014-11-07-moves-app,google:108274213374340954232,org.openmhealth.dsu.domain.DataPoint,cornell,mobility-daily-summary,1.0,0.0,2014-11-07T23:59:59.999-05:00,1415422799999,Mobility-DPU-v1.0-Moves-App,SENSED,2014-11-07,Moves-App,299.0,0.341,329.0,0.30895731511373964,0.5813123770455444,,,,0.9999884257919652
mobility-daily-summary-google:108274213374340954232-2014-11-08-moves-app,google:108274213374340954232,org.openmhealth.dsu.domain.DataPoint,cornell,mobility-daily-summary,1.0,0.0,2014-11-08T23:59:59.999-05:00,1415509199999,Mobility-DPU-v1.0-Moves-App,SENSED,2014-11-08,Moves-App,519.0,0.585,786.0,0.18135004312416253,,,,0.0,0.6742323406520909
mobility-daily-summary-google:108274213374340954232-2014-11-09-moves-app,google:108274213374340954232,org.openmhealth.dsu.domain.DataPoint,cornell,mobility-daily-summary,1.0,0.0,2014-11-09T23:59:59.999-05:00,1415595599999,Mobility-DPU-v1.0-Moves-App,SENSED,2014-11-09,Moves-App,2539.0,2.577,2251.0,0.7824337861338472,1.9902751500809883,0.0,0.0,10731.0,1.0
mobility-daily-summary-google:108274213374340954232-2014-11-10-moves-app,google:108274213374340954232,org.openmhealth.dsu.domain.DataPoint,cornell,mobility-daily-summary,1.0,0.0,2014-11-10T23:59:59.999-05:00,1415681999999,Mobility-DPU-v1.0-Moves-App,SENSED,2014-11-10,Moves-App,3939.0,3.049,4688.0,4.503486801710025,1.3696254001631625,,,,0.4322966701003484
mobility-daily-summary-google:108274213374340954232-2014-11-11-moves-app,google:108274213374340954232,org.openmhealth.dsu.domain.DataPoint,cornell,mobility-daily-summary,1.0,0.0,2014-11-11T23:59:59.999-05:00,1415768399999,Mobility-DPU-v1.0-Moves-App,SENSED,2014-11-11,Moves-App,2987.0,3.019,3638.0,4.422502562817221,3.256257756712544,,,,0.7299042812995521
mobility-daily-summary-google:108274213374340954232-2014-11-12-moves-app,google:108274213374340954232,org.openmhealth.dsu.domain.DataPoint,cornell,mobility-daily-summary,1.0,0.0,2014-11-12T23:59:59.999-05:00,1415854799999,Mobility-DPU-v1.0-Moves-App,SENSED,2014-11-12,Moves-App,3670.0,4.239,4821.0,3975.554964384173,1.944329791373468,,,,0.8607854257572426
mobility-daily-summary-google:108274213374340954232-2014-11-13-moves-app,google:108274213374340954232,org.openmhealth.dsu.domain.DataPoint,cornell,mobility-daily-summary,1.0,0.0,2014-11-13T23:59:59.999-05:00,1415941199999,Mobility-DPU-v1.0-Moves-App,SENSED,2014-11-13,Moves-App,877.0,0.837,1154.0,10.967873451698868,0.5413498338237551,,,,0.2800726860264586
mobility-daily-summary-google:108274213374340954232-2014-11-14-moves-app,google:108274213374340954232,org.openmhealth.dsu.domain.DataPoint,cornell,mobility-daily-summary,1.0,0.0,2014-11-14T23:59:59.999-05:00,1416027599999,Mobility-DPU-v1.0-Moves-App,SENSED,2014-11-14,Moves-App,60.0,0.041,81.0,0.7364712931628374,,,,,0.9999768515839303
mobility-daily-summary-google:108274213374340954232-2014-11-15-moves-app,google:108274213374340954232,org.openmhealth.dsu.domain.DataPoint,cornell,mobility-daily-summary,1.0,0.0,2014-11-15T23:59:59.999-05:00,1416113999999,Mobility-DPU-v1.0-Moves-App,SENSED,2014-11-15,Moves-App,6.0,0.003,6.0,0.0,,,,0.0,1.0
mobility-daily-summary-google:108274213374340954232-2014-11-16-moves-app,google:108274213374340954232,org.openmhealth.dsu.domain.DataPoint,cornell,mobility-daily-summary,1.0,0.0,2014-11-16T23:59:59.999-05:00,1416200399999,Mobility-DPU-v1.0-Moves-App,SENSED,2014-11-16,Moves-App,0.0,0.0,0.0,0.0,,,,0.0,0.2280234724938946
mobility-daily-summary-google:108274213374340954232-2014-11-17-moves-app,google:108274213374340954232,org.openmhealth.dsu.domain.DataPoint,cornell,mobility-daily-summary,1.0,0.0,2014-11-17T23:59:59.999-05:00,1416286799999,Mobility-DPU-v1.0-Moves-App,SENSED,2014-11-17,Moves-App,56.0,0.031,61.0,0.0,,,,0.0,1.0
mobility-daily-summary-google:108274213374340954232-2014-11-18-moves-app,google:108274213374340954232,org.openmhealth.dsu.domain.DataPoint,cornell,mobility-daily-summary,1.0,0.0,2014-11-18T23:59:59.999-05:00,1416373199999,Mobility-DPU-v1.0-Moves-App,SENSED,2014-11-18,Moves-App,4308.0,4.345,5999.0,0.7614932892355726,1.9594588694175474,0.0,0.0,18987.0,0.9993865669741548
mobility-daily-summary-google:108274213374340954232-2014-11-19-moves-app,google:108274213374340954232,org.openmhealth.dsu.domain.DataPoint,cornell,mobility-daily-summary,1.0,0.0,2014-11-19T23:59:59.999-05:00,1416459599999,Mobility-DPU-v1.0-Moves-App,SENSED,2014-11-19,Moves-App,2119.0,2.108,2757.0,1.6376873111708918,0.9109561048101894,0.0,0.0,6595.0,0.9999884257919652
mobility-daily-summary-google:108274213374340954232-2014-11-20-moves-app,google:108274213374340954232,org.openmhealth.dsu.domain.DataPoint,cornell,mobility-daily-summary,1.0,0.0,2014-11-20T23:59:59.999-05:00,1416545999999,Mobility-DPU-v1.0-Moves-App,SENSED,2014-11-20,Moves-App,4660.0,4.087,6289.0,1.8172724327894931,1.5732494508255372,0.0,0.0,17255.0,0.7418372897834467
mobility-daily-summary-google:108274213374340954232-2014-11-21-moves-app,google:108274213374340954232,org.openmhealth.dsu.domain.DataPoint,cornell,mobility-daily-summary,1.0,0.0,2014-11-21T23:59:59.999-05:00,1416632399999,Mobility-DPU-v1.0-Moves-App,SENSED,2014-11-21,Moves-App,4065.0,4.517,5746.0,0.7614932892355726,2.7479368370125195,0.0,0.0,5721.0,0.9151379066887348
mobility-daily-summary-google:108274213374340954232-2014-11-23-moves-app,google:108274213374340954232,org.openmhealth.dsu.domain.DataPoint,cornell,mobility-daily-summary,1.0,0.0,2014-11-23T23:59:59.999-05:00,1416805199999,Mobility-DPU-v1.0-Moves-App,SENSED,2014-11-23,Moves-App,0.0,0.0,0.0,0.0,,,,0.0,0.1043067628097547
mobility-daily-summary-google:108274213374340954232-2014-11-24-moves-app,google:108274213374340954232,org.openmhealth.dsu.domain.DataPoint,cornell,mobility-daily-summary,1.0,0.0,2014-11-24T23:59:59.999-05:00,1416891599999,Mobility-DPU-v1.0-Moves-App,SENSED,2014-11-24,Moves-App,17.0,0.01,19.0,0.0,,,,0.0,1.0
mobility-daily-summary-google:108274213374340954232-2014-11-25-moves-app,google:108274213374340954232,org.openmhealth.dsu.domain.DataPoint,cornell,mobility-daily-summary,1.0,0.0,2014-11-25T23:59:59.999-05:00,1416977999999,Mobility-DPU-v1.0-Moves-App,SENSED,2014-11-25,Moves-App,1891.0,2.056,2988.0,0.5196968495741577,1.1286173914031976,0.0,0.0,1549.0,0.3853748307272075
mobility-daily-summary-google:108274213374340954232-2014-11-26-moves-app,google:108274213374340954232,org.openmhealth.dsu.domain.DataPoint,cornell,mobility-daily-summary,1.0,0.0,2014-11-26T23:59:59.999-05:00,1417064399999,Mobility-DPU-v1.0-Moves-App,SENSED,2014-11-26,Moves-App,9.0,0.005,6.0,0.0,,,,0.0,0.2341230801282422
mobility-daily-summary-google:108274213374340954232-2014-11-27-moves-app,google:108274213374340954232,org.openmhealth.dsu.domain.DataPoint,cornell,mobility-daily-summary,1.0,0.0,2014-11-27T23:59:59.999-05:00,1417150799999,Mobility-DPU-v1.0-Moves-App,SENSED,2014-11-27,Moves-App,2294.0,2.012,2497.0,3970.6750325846388,2.84390202602106,,,,0.7457262236831445
mobility-daily-summary-google:108274213374340954232-2014-11-28-moves-app,google:108274213374340954232,org.openmhealth.dsu.domain.DataPoint,cornell,mobility-daily-summary,1.0,0.0,2014-11-28T23:59:59.999-05:00,1417237199999,Mobility-DPU-v1.0-Moves-App,SENSED,2014-11-28,Moves-App,5313.0,6.069,7055.0,5.40806198025821,1.5452797291356062,,,,0.4646465815576569
mobility-daily-summary-google:108274213374340954232-2014-11-29-moves-app,google:108274213374340954232,org.openmhealth.dsu.domain.DataPoint,cornell,mobility-daily-summary,1.0,0.0,2014-11-29T23:59:59.999-05:00,1417323599999,Mobility-DPU-v1.0-Moves-App,SENSED,2014-11-29,Moves-App,87.0,0.044,87.0,0.0,,,,0.0,0.5100637738862718
mobility-daily-summary-google:108274213374340954232-2014-11-30-moves-app,google:108274213374340954232,org.openmhealth.dsu.domain.DataPoint,cornell,mobility-daily-summary,1.0,0.0,2014-11-30T23:59:59.999-05:00,1417409999999,Mobility-DPU-v1.0-Moves-App,SENSED,2014-11-30,Moves-App,5.0,0.004,7.0,0.0,,,,0.0,1.0
mobility-daily-summary-google:108274213374340954232-2014-12-01-moves-app,google:108274213374340954232,org.openmhealth.dsu.domain.DataPoint,cornell,mobility-daily-summary,1.0,0.0,2014-12-01T23:59:59.999-05:00,1417496399999,Mobility-DPU-v1.0-Moves-App,SENSED,2014-12-01,Moves-App,5527.0,5.511,7234.0,4.534246788488182,1.2317225681998525,0.0,0.0,31306.0,0.8541071077211542
mobility-daily-summary-google:108274213374340954232-2014-12-02-moves-app,google:108274213374340954232,org.openmhealth.dsu.domain.DataPoint,cornell,mobility-daily-summary,1.0,0.0,2014-12-02T23:59:59.999-05:00,1417582799999,Mobility-DPU-v1.0-Moves-App,SENSED,2014-12-02,Moves-App,4869.0,4.812,4746.0,4.534246788488182,1.3129312428460949,0.0,0.0,32900.0,0.9960184724360236
mobility-daily-summary-google:108274213374340954232-2014-12-03-moves-app,google:108274213374340954232,org.openmhealth.dsu.domain.DataPoint,cornell,mobility-daily-summary,1.0,0.0,2014-12-03T23:59:59.999-05:00,1417669199999,Mobility-DPU-v1.0-Moves-App,SENSED,2014-12-03,Moves-App,5060.0,4.993,6012.0,4.606739250978829,1.3827124766851362,0.0,0.0,24479.0,0.9999884257919652
mobility-daily-summary-google:108274213374340954232-2014-12-04-moves-app,google:108274213374340954232,org.openmhealth.dsu.domain.DataPoint,cornell,mobility-daily-summary,1.0,0.0,2014-12-04T23:59:59.999-05:00,1417755599999,Mobility-DPU-v1.0-Moves-App,SENSED,2014-12-04,Moves-App,4386.0,4.393,6379.0,281.4582754292697,1.681683151985355,,,,0.6359332862648873
mobility-daily-summary-google:108274213374340954232-2014-12-05-moves-app,google:108274213374340954232,org.openmhealth.dsu.domain.DataPoint,cornell,mobility-daily-summary,1.0,0.0,2014-12-05T23:59:59.999-05:00,1417841999999,Mobility-DPU-v1.0-Moves-App,SENSED,2014-12-05,Moves-App,2822.0,3.404,4353.0,1.1618324189562004,2.31329191794287,,,,0.6341161356034213
mobility-daily-summary-google:108274213374340954232-2014-12-06-moves-app,google:108274213374340954232,org.openmhealth.dsu.domain.DataPoint,cornell,mobility-daily-summary,1.0,0.0,2014-12-06T23:59:59.999-05:00,1417928399999,Mobility-DPU-v1.0-Moves-App,SENSED,2014-12-06,Moves-App,2449.0,2.196,2543.0,1.606691173695106,1.3051095356418374,,,,0.8124515330038542
mobility-daily-summary-google:108274213374340954232-2014-12-07-moves-app,google:108274213374340954232,org.openmhealth.dsu.domain.DataPoint,cornell,mobility-daily-summary,1.0,0.0,2014-12-07T23:59:59.999-05:00,1418014799999,Mobility-DPU-v1.0-Moves-App,SENSED,2014-12-07,Moves-App,3270.0,2.467,2891.0,281.5028821939122,1.4157762947521175,,,,0.7969536684452366
mobility-daily-summary-google:108274213374340954232-2014-12-08-moves-app,google:108274213374340954232,org.openmhealth.dsu.domain.DataPoint,cornell,mobility-daily-summary,1.0,0.0,2014-12-08T23:59:59.999-05:00,1418101199999,Mobility-DPU-v1.0-Moves-App,SENSED,2014-12-08,Moves-App,2286.0,2.745,3271.0,4.534246788488182,1.753783639135531,0.0,0.0,52742.0,0.669776270558687
mobility-daily-summary-google:108274213374340954232-2014-12-09-moves-app,google:108274213374340954232,org.openmhealth.dsu.domain.DataPoint,cornell,mobility-daily-summary,1.0,0.0,2014-12-09T23:59:59.999-05:00,1418187599999,Mobility-DPU-v1.0-Moves-App,SENSED,2014-12-09,Moves-App,4330.0,4.882,6101.0,4.658968163711276,1.5460755637142822,0.0,0.0,33882.0,0.9999884257919652
mobility-daily-summary-google:108274213374340954232-2014-12-10-moves-app,google:108274213374340954232,org.openmhealth.dsu.domain.DataPoint,cornell,mobility-daily-summary,1.0,0.0,2014-12-10T23:59:59.999-05:00,1418273999999,Mobility-DPU-v1.0-Moves-App,SENSED,2014-12-10,Moves-App,4725.0,5.246,5841.0,4.480700155992491,1.629111020296076,0.0,0.0,45913.0,1.0
mobility-daily-summary-google:108274213374340954232-2014-12-11-moves-app,google:108274213374340954232,org.openmhealth.dsu.domain.DataPoint,cornell,mobility-daily-summary,1.0,0.0,2014-12-11T23:59:59.999-05:00,1418360399999,Mobility-DPU-v1.0-Moves-App,SENSED,2014-12-11,Moves-App,5878.0,5.63,7073.0,4.480700155992491,1.29647013638677,0.0,0.0,40210.0,0.8916422643780599
mobility-daily-summary-google:108274213374340954232-2014-12-12-moves-app,google:108274213374340954232,org.openmhealth.dsu.domain.DataPoint,cornell,mobility-daily-summary,1.0,0.0,2014-12-12T23:59:59.999-05:00,1418446799999,Mobility-DPU-v1.0-Moves-App,SENSED,2014-12-12,Moves-App,2719.0,2.485,3194.0,2.0918340556086514,0.9352652179616514,,,,0.3596916630979525
mobility-daily-summary-google:108274213374340954232-2014-12-13-moves-app,google:108274213374340954232,org.openmhealth.dsu.domain.DataPoint,cornell,mobility-daily-summary,1.0,0.0,2014-12-13T23:59:59.999-05:00,1418533199999,Mobility-DPU-v1.0-Moves-App,SENSED,2014-12-13,Moves-App,7878.0,8.501,10902.0,5.241669509057026,1.2888736607683835,,,,0.9404854222849802
mobility-daily-summary-google:108274213374340954232-2014-12-14-moves-app,google:108274213374340954232,org.openmhealth.dsu.domain.DataPoint,cornell,mobility-daily-summary,1.0,0.0,2014-12-14T23:59:59.999-05:00,1418619599999,Mobility-DPU-v1.0-Moves-App,SENSED,2014-12-14,Moves-App,1920.0,1.5,1722.0,5.251119651334077,0.6973228433160763,,,,0.9853470526279239
mobility-daily-summary-google:108274213374340954232-2014-12-15-moves-app,google:108274213374340954232,org.openmhealth.dsu.domain.DataPoint,cornell,mobility-daily-summary,1.0,0.0,2014-12-15T23:59:59.999-05:00,1418705999999,Mobility-DPU-v1.0-Moves-App,SENSED,2014-12-15,Moves-App,5264.0,5.104,5553.0,5.528314584106518,1.3088893518935047,,,,0.9900577552980937
mobility-daily-summary-google:108274213374340954232-2014-12-16-moves-app,google:108274213374340954232,org.openmhealth.dsu.domain.DataPoint,cornell,mobility-daily-summary,1.0,0.0,2014-12-16T23:59:59.999-05:00,1418792399999,Mobility-DPU-v1.0-Moves-App,SENSED,2014-12-16,Moves-App,4225.0,4.438,5845.0,5.687578507483476,1.8555451273030432,,,,1.0
mobility-daily-summary-google:108274213374340954232-2014-12-17-moves-app,google:108274213374340954232,org.openmhealth.dsu.domain.DataPoint,cornell,mobility-daily-summary,1.0,0.0,2014-12-17T23:59:59.999-05:00,1418878799999,Mobility-DPU-v1.0-Moves-App,SENSED,2014-12-17,Moves-App,3966.0,3.931,5342.0,5.23276037113926,2.419585439657709,0.0,0.0,42356.0,0.9484716258290027
mobility-daily-summary-google:108274213374340954232-2014-12-18-moves-app,google:108274213374340954232,org.openmhealth.dsu.domain.DataPoint,cornell,mobility-daily-summary,1.0,0.0,2014-12-18T23:59:59.999-05:00,1418965199999,Mobility-DPU-v1.0-Moves-App,SENSED,2014-12-18,Moves-App,2591.0,3.047,3599.0,5.254805184468356,1.2411578643654546,,,,0.7324506070672114
mobility-daily-summary-google:108274213374340954232-2014-12-19-moves-app,google:108274213374340954232,org.openmhealth.dsu.domain.DataPoint,cornell,mobility-daily-summary,1.0,0.0,2014-12-19T23:59:59.999-05:00,1419051599999,Mobility-DPU-v1.0-Moves-App,SENSED,2014-12-19,Moves-App,2395.0,2.452,2514.0,0.5615515696905008,1.5763173239065595,0.0,0.0,4171.0,0.6853320061574787
mobility-daily-summary-google:108274213374340954232-2014-12-20-moves-app,google:108274213374340954232,org.openmhealth.dsu.domain.DataPoint,cornell,mobility-daily-summary,1.0,0.0,2014-12-20T23:59:59.999-05:00,1419137999999,Mobility-DPU-v1.0-Moves-App,SENSED,2014-12-20,Moves-App,1213.0,1.205,1615.0,0.0,,,,0.0,0.9917128670470723
mobility-daily-summary-google:108274213374340954232-2014-12-21-moves-app,google:108274213374340954232,org.openmhealth.dsu.domain.DataPoint,cornell,mobility-daily-summary,1.0,0.0,2014-12-21T23:59:59.999-05:00,1419224399999,Mobility-DPU-v1.0-Moves-App,SENSED,2014-12-21,Moves-App,4049.0,3.464,4345.0,5.491795975133557,1.3386474291532224,0.0,0.0,27410.0,1.0
mobility-daily-summary-google:108274213374340954232-2014-12-22-moves-app,google:108274213374340954232,org.openmhealth.dsu.domain.DataPoint,cornell,mobility-daily-summary,1.0,0.0,2014-12-22T23:59:59.999-05:00,1419310799999,Mobility-DPU-v1.0-Moves-App,SENSED,2014-12-22,Moves-App,1896.0,1.67,2229.0,5.251119651334077,1.6434232217651537,0.0,0.0,82752.0,0.3561962522714383
mobility-daily-summary-google:108274213374340954232-2014-12-23-moves-app,google:108274213374340954232,org.openmhealth.dsu.domain.DataPoint,cornell,mobility-daily-summary,1.0,0.0,2014-12-23T23:59:59.999-05:00,1419397199999,Mobility-DPU-v1.0-Moves-App,SENSED,2014-12-23,Moves-App,0.0,0.0,0.0,0.0,,,,0.0,0.06854245998217572
mobility-daily-summary-google:108274213374340954232-2014-12-24-moves-app,google:108274213374340954232,org.openmhealth.dsu.domain.DataPoint,cornell,mobility-daily-summary,1.0,0.0,2014-12-24T23:59:59.999-05:00,1419483599999,Mobility-DPU-v1.0-Moves-App,SENSED,2014-12-24,Moves-App,5013.0,6.019,6697.0,2.201649877239406,1.6568563555157336,0.0,0.0,18358.0,0.3063345640574544
mobility-daily-summary-google:108274213374340954232-2014-12-25-moves-app,google:108274213374340954232,org.openmhealth.dsu.domain.DataPoint,cornell,mobility-daily-summary,1.0,0.0,2014-12-25T23:59:59.999-05:00,1419569999999,Mobility-DPU-v1.0-Moves-App,SENSED,2014-12-25,Moves-App,2595.0,2.561,2833.0,3.098349074758603,2.3225753172820065,0.0,0.0,35161.0,0.6336184446579243
mobility-daily-summary-google:108274213374340954232-2014-12-26-moves-app,google:108274213374340954232,org.openmhealth.dsu.domain.DataPoint,cornell,mobility-daily-summary,1.0,0.0,2014-12-26T23:59:59.999-05:00,1419656399999,Mobility-DPU-v1.0-Moves-App,SENSED,2014-12-26,Moves-App,6283.0,5.235,6177.0,17.442470749764112,1.2180640623952754,,,,1.0
mobility-daily-summary-google:108274213374340954232-2014-12-27-moves-app,google:108274213374340954232,org.openmhealth.dsu.domain.DataPoint,cornell,mobility-daily-summary,1.0,0.0,2014-12-27T23:59:59.999-05:00,1419742799999,Mobility-DPU-v1.0-Moves-App,SENSED,2014-12-27,Moves-App,1513.0,1.687,2107.0,12831.843732744235,0.47036351079160615,,,,0.2979895600643526
mobility-daily-summary-google:108274213374340954232-2014-12-28-moves-app,google:108274213374340954232,org.openmhealth.dsu.domain.DataPoint,cornell,mobility-daily-summary,1.0,0.0,2014-12-28T23:59:59.999-05:00,1419829199999,Mobility-DPU-v1.0-Moves-App,SENSED,2014-12-28,Moves-App,6154.0,6.226,8408.0,8.760071160939765,1.7618888762474605,,,,0.704730378823829
mobility-daily-summary-google:108274213374340954232-2014-12-29-moves-app,google:108274213374340954232,org.openmhealth.dsu.domain.DataPoint,cornell,mobility-daily-summary,1.0,0.0,2014-12-29T23:59:59.999-05:00,1419915599999,Mobility-DPU-v1.0-Moves-App,SENSED,2014-12-29,Moves-App,905.0,0.791,1087.0,4.2474873579086445,0.6926783514127905,,,,0.4181066910496649
mobility-daily-summary-google:108274213374340954232-2014-12-30-moves-app,google:108274213374340954232,org.openmhealth.dsu.domain.DataPoint,cornell,mobility-daily-summary,1.0,0.0,2014-12-30T23:59:59.999-05:00,1420001999999,Mobility-DPU-v1.0-Moves-App,SENSED,2014-12-30,Moves-App,472.0,0.274,537.0,1.451815010234659,,0.0,0.0,8532.0,1.0
mobility-daily-summary-google:108274213374340954232-2014-12-31-moves-app,google:108274213374340954232,org.openmhealth.dsu.domain.DataPoint,cornell,mobility-daily-summary,1.0,0.0,2014-12-31T23:59:59.999-05:00,1420088399999,Mobility-DPU-v1.0-Moves-App,SENSED,2014-12-31,Moves-App,92.0,0.058,110.0,0.0,,,,0.0,1.0
mobility-daily-summary-google:108274213374340954232-2015-01-01-moves-app,google:108274213374340954232,org.openmhealth.dsu.domain.DataPoint,cornell,mobility-daily-summary,1.0,0.0,2015-01-01T23:59:59.999-05:00,1420174799999,Mobility-DPU-v1.0-Moves-App,SENSED,2015-01-01,Moves-App,7996.0,7.537,7858.0,290.4335350481288,1.2969808494803574,,,,0.6747994768457968
mobility-daily-summary-google:108274213374340954232-2015-01-02-moves-app,google:108274213374340954232,org.openmhealth.dsu.domain.DataPoint,cornell,mobility-daily-summary,1.0,0.0,2015-01-02T23:59:59.999-05:00,1420261199999,Mobility-DPU-v1.0-Moves-App,SENSED,2015-01-02,Moves-App,2838.0,2.51,3273.0,8.354678453247987,2.8017003684957578,,,,0.6678665262329425
mobility-daily-summary-google:108274213374340954232-2015-01-03-moves-app,google:108274213374340954232,org.openmhealth.dsu.domain.DataPoint,cornell,mobility-daily-summary,1.0,0.0,2015-01-03T23:59:59.999-05:00,1420347599999,Mobility-DPU-v1.0-Moves-App,SENSED,2015-01-03,Moves-App,5869.0,6.171,7298.0,9.631100497233847,2.2112921883688927,,,,0.5744279447678793
mobility-daily-summary-google:108274213374340954232-2015-01-04-moves-app,google:108274213374340954232,org.openmhealth.dsu.domain.DataPoint,cornell,mobility-daily-summary,1.0,0.0,2015-01-04T23:59:59.999-05:00,1420433999999,Mobility-DPU-v1.0-Moves-App,SENSED,2015-01-04,Moves-App,11251.0,11.072,10550.0,7.9238298177710975,1.4145711104348806,,,,0.9443280593525388
mobility-daily-summary-google:108274213374340954232-2015-01-05-moves-app,google:108274213374340954232,org.openmhealth.dsu.domain.DataPoint,cornell,mobility-daily-summary,1.0,0.0,2015-01-05T23:59:59.999-05:00,1420520399999,Mobility-DPU-v1.0-Moves-App,SENSED,2015-01-05,Moves-App,5340.0,5.854,6874.0,5.029756192586822,1.188714350974003,,,,1.0
mobility-daily-summary-google:108274213374340954232-2015-01-06-moves-app,google:108274213374340954232,org.openmhealth.dsu.domain.DataPoint,cornell,mobility-daily-summary,1.0,0.0,2015-01-06T23:59:59.999-05:00,1420606799999,Mobility-DPU-v1.0-Moves-App,SENSED,2015-01-06,Moves-App,4610.0,4.306,5111.0,293.82949806405065,1.813423179341463,,,,0.9999768515839303
mobility-daily-summary-google:108274213374340954232-2015-01-07-moves-app,google:108274213374340954232,org.openmhealth.dsu.domain.DataPoint,cornell,mobility-daily-summary,1.0,0.0,2015-01-07T23:59:59.999-05:00,1420693199999,Mobility-DPU-v1.0-Moves-App,SENSED,2015-01-07,Moves-App,357.0,0.256,413.0,1.451815010234659,,,,,0.9999884257919652
mobility-daily-summary-google:108274213374340954232-2015-01-08-moves-app,google:108274213374340954232,org.openmhealth.dsu.domain.DataPoint,cornell,mobility-daily-summary,1.0,0.0,2015-01-08T23:59:59.999-05:00,1420779599999,Mobility-DPU-v1.0-Moves-App,SENSED,2015-01-08,Moves-App,1451.0,1.253,1560.0,1.451815010234659,1.7940434846587463,,,,0.95803192166576
mobility-daily-summary-google:108274213374340954232-2015-01-09-moves-app,google:108274213374340954232,org.openmhealth.dsu.domain.DataPoint,cornell,mobility-daily-summary,1.0,0.0,2015-01-09T23:59:59.999-05:00,1420865999999,Mobility-DPU-v1.0-Moves-App,SENSED,2015-01-09,Moves-App,764.0,0.569,865.0,5.37307727498472,,,,,0.4092408476949965
mobility-daily-summary-google:108274213374340954232-2015-01-10-moves-app,google:108274213374340954232,org.openmhealth.dsu.domain.DataPoint,cornell,mobility-daily-summary,1.0,0.0,2015-01-10T23:59:59.999-05:00,1420952399999,Mobility-DPU-v1.0-Moves-App,SENSED,2015-01-10,Moves-App,4938.0,4.578,6511.0,294.53098080954624,1.5030337445652378,,,,0.9999768515839303
mobility-daily-summary-google:108274213374340954232-2015-01-11-moves-app,google:108274213374340954232,org.openmhealth.dsu.domain.DataPoint,cornell,mobility-daily-summary,1.0,0.0,2015-01-11T23:59:59.999-05:00,1421038799999,Mobility-DPU-v1.0-Moves-App,SENSED,2015-01-11,Moves-App,1860.0,1.459,2793.0,293.8500147579494,0.7618810777334535,,,,0.9879396752277225
mobility-daily-summary-google:108274213374340954232-2015-01-12-moves-app,google:108274213374340954232,org.openmhealth.dsu.domain.DataPoint,cornell,mobility-daily-summary,1.0,0.0,2015-01-12T23:59:59.999-05:00,1421125199999,Mobility-DPU-v1.0-Moves-App,SENSED,2015-01-12,Moves-App,3424.0,3.113,4152.0,12831.843732744235,2.499659179076999,,,,0.3938471510086922
mobility-daily-summary-google:108274213374340954232-2015-01-13-moves-app,google:108274213374340954232,org.openmhealth.dsu.domain.DataPoint,cornell,mobility-daily-summary,1.0,0.0,2015-01-13T23:59:59.999-05:00,1421211599999,Mobility-DPU-v1.0-Moves-App,SENSED,2015-01-13,Moves-App,5066.0,5.225,6587.0,20.825251965283407,1.3612305186438731,,,,1.0
mobility-daily-summary-google:108274213374340954232-2015-01-14-moves-app,google:108274213374340954232,org.openmhealth.dsu.domain.DataPoint,cornell,mobility-daily-summary,1.0,0.0,2015-01-14T23:59:59.999-05:00,1421297999999,Mobility-DPU-v1.0-Moves-App,SENSED,2015-01-14,Moves-App,3631.0,2.669,4077.0,5.742686995758705,0.8809365908043723,0.0,0.0,40971.0,0.9737612703850739
mobility-daily-summary-google:108274213374340954232-2015-01-15-moves-app,google:108274213374340954232,org.openmhealth.dsu.domain.DataPoint,cornell,mobility-daily-summary,1.0,0.0,2015-01-15T23:59:59.999-05:00,1421384399999,Mobility-DPU-v1.0-Moves-App,SENSED,2015-01-15,Moves-App,3777.0,3.065,3919.0,5.68911464067105,0.9249257510383629,0.0,0.0,35583.0,0.9021979421058114
mobility-daily-summary-google:108274213374340954232-2015-01-16-moves-app,google:108274213374340954232,org.openmhealth.dsu.domain.DataPoint,cornell,mobility-daily-summary,1.0,0.0,2015-01-16T23:59:59.999-05:00,1421470799999,Mobility-DPU-v1.0-Moves-App,SENSED,2015-01-16,Moves-App,2800.0,2.891,3437.0,0.3536458009815287,1.5506882461795792,0.0,0.0,2753.0,0.5223671570272804
mobility-daily-summary-google:108274213374340954232-2015-01-17-moves-app,google:108274213374340954232,org.openmhealth.dsu.domain.DataPoint,cornell,mobility-daily-summary,1.0,0.0,2015-01-17T23:59:59.999-05:00,1421557199999,Mobility-DPU-v1.0-Moves-App,SENSED,2015-01-17,Moves-App,9917.0,9.948,12806.0,2.6540713258574584,1.4339355976444412,0.0,0.0,20789.0,0.7368140834963368
mobility-daily-summary-google:108274213374340954232-2015-01-18-moves-app,google:108274213374340954232,org.openmhealth.dsu.domain.DataPoint,cornell,mobility-daily-summary,1.0,0.0,2015-01-18T23:59:59.999-05:00,1421643599999,Mobility-DPU-v1.0-Moves-App,SENSED,2015-01-18,Moves-App,960.0,0.873,1057.0,5.466807085953754,1.8096681996733377,,,,0.06202618085857475
mobility-daily-summary-google:108274213374340954232-2015-01-19-moves-app,google:108274213374340954232,org.openmhealth.dsu.domain.DataPoint,cornell,mobility-daily-summary,1.0,0.0,2015-01-19T23:59:59.999-05:00,1421729999999,Mobility-DPU-v1.0-Moves-App,SENSED,2015-01-19,Moves-App,1703.0,1.831,2201.0,5.501518060676321,1.0521164035280781,,,,0.5543698422435445
mobility-daily-summary-google:108274213374340954232-2015-01-20-moves-app,google:108274213374340954232,org.openmhealth.dsu.domain.DataPoint,cornell,mobility-daily-summary,1.0,0.0,2015-01-20T23:59:59.999-05:00,1421816399999,Mobility-DPU-v1.0-Moves-App,SENSED,2015-01-20,Moves-App,3309.0,2.731,4751.0,5.742686995758705,1.3475896759103838,0.0,0.0,41253.0,0.9999884257919652
mobility-daily-summary-google:108274213374340954232-2015-01-21-moves-app,google:108274213374340954232,org.openmhealth.dsu.domain.DataPoint,cornell,mobility-daily-summary,1.0,0.0,2015-01-21T23:59:59.999-05:00,1421902799999,Mobility-DPU-v1.0-Moves-App,SENSED,2015-01-21,Moves-App,2255.0,1.851,2652.0,5.45499484537313,1.5219051925802358,0.0,0.0,40700.0,0.809951504068334
mobility-daily-summary-google:108274213374340954232-2015-01-22-moves-app,google:108274213374340954232,org.openmhealth.dsu.domain.DataPoint,cornell,mobility-daily-summary,1.0,0.0,2015-01-22T23:59:59.999-05:00,1421989199999,Mobility-DPU-v1.0-Moves-App,SENSED,2015-01-22,Moves-App,3229.0,2.819,3169.0,5.48346501888497,1.2092178504657594,0.0,0.0,43536.0,0.9999884257919652
mobility-daily-summary-google:108274213374340954232-2015-01-23-moves-app,google:108274213374340954232,org.openmhealth.dsu.domain.DataPoint,cornell,mobility-daily-summary,1.0,0.0,2015-01-23T23:59:59.999-05:00,1422075599999,Mobility-DPU-v1.0-Moves-App,SENSED,2015-01-23,Moves-App,3557.0,3.312,4171.0,4.166687023039853,1.4257826615910603,0.0,0.0,24532.0,0.9999884257919652
mobility-daily-summary-google:108274213374340954232-2015-01-24-moves-app,google:108274213374340954232,org.openmhealth.dsu.domain.DataPoint,cornell,mobility-daily-summary,1.0,0.0,2015-01-24T23:59:59.999-05:00,1422161999999,Mobility-DPU-v1.0-Moves-App,SENSED,2015-01-24,Moves-App,2609.0,2.585,2396.0,5.491795975133557,1.0494775193001498,0.0,0.0,30456.0,1.0
mobility-daily-summary-google:108274213374340954232-2015-01-25-moves-app,google:108274213374340954232,org.openmhealth.dsu.domain.DataPoint,cornell,mobility-daily-summary,1.0,0.0,2015-01-25T23:59:59.999-05:00,1422248399999,Mobility-DPU-v1.0-Moves-App,SENSED,2015-01-25,Moves-App,17.0,0.01,20.0,0.0,,,,0.0,1.0
mobility-daily-summary-google:108274213374340954232-2015-01-26-moves-app,google:108274213374340954232,org.openmhealth.dsu.domain.DataPoint,cornell,mobility-daily-summary,1.0,0.0,2015-01-26T23:59:59.999-05:00,1422334799999,Mobility-DPU-v1.0-Moves-App,SENSED,2015-01-26,Moves-App,708.0,0.647,905.0,0.0,,,,0.0,0.834141598861098
mobility-daily-summary-google:108274213374340954232-2015-01-27-android,google:108274213374340954232,org.openmhealth.dsu.domain.DataPoint,cornell,mobility-daily-summary,1.0,0.0,2015-01-27T16:15:13.000-05:00,1422393313000,Mobility-DPU-v1.0-Android,SENSED,2015-01-27,Android,0.0,0.0,,0.0,,,,0.0,0.005497748816537228
mobility-daily-summary-google:108274213374340954232-2015-01-27-moves-app,google:108274213374340954232,org.openmhealth.dsu.domain.DataPoint,cornell,mobility-daily-summary,1.0,0.0,2015-01-27T23:59:59.999-05:00,1422421199999,Mobility-DPU-v1.0-Moves-App,SENSED,2015-01-27,Moves-App,3365.0,3.254,3117.0,5.681958722973668,1.8559732473959212,0.0,0.0,35993.0,0.9454507575319159
mobility-daily-summary-google:108274213374340954232-2015-01-28-moves-app,google:108274213374340954232,org.openmhealth.dsu.domain.DataPoint,cornell,mobility-daily-summary,1.0,0.0,2015-01-28T23:59:59.999-05:00,1422507599999,Mobility-DPU-v1.0-Moves-App,SENSED,2015-01-28,Moves-App,2204.0,2.649,3554.0,5.4228514478655825,2.6072393940030905,0.0,0.0,16307.0,1.0
mobility-daily-summary-google:108274213374340954232-2015-01-29-moves-app,google:108274213374340954232,org.openmhealth.dsu.domain.DataPoint,cornell,mobility-daily-summary,1.0,0.0,2015-01-29T23:59:59.999-05:00,1422593999999,Mobility-DPU-v1.0-Moves-App,SENSED,2015-01-29,Moves-App,0.0,0.0,0.0,0.0,,,,0.0,1.0
mobility-daily-summary-google:108274213374340954232-2015-01-30-moves-app,google:108274213374340954232,org.openmhealth.dsu.domain.DataPoint,cornell,mobility-daily-summary,1.0,0.0,2015-01-30T23:59:59.999-05:00,1422680399999,Mobility-DPU-v1.0-Moves-App,SENSED,2015-01-30,Moves-App,1466.0,1.264,1704.0,0.3178692044370465,0.9187549946973425,0.0,0.0,3878.0,0.9999768515839303
mobility-daily-summary-google:108274213374340954232-2015-01-31-moves-app,google:108274213374340954232,org.openmhealth.dsu.domain.DataPoint,cornell,mobility-daily-summary,1.0,0.0,2015-01-31T23:59:59.999-05:00,1422766799999,Mobility-DPU-v1.0-Moves-App,SENSED,2015-01-31,Moves-App,3190.0,2.617,4299.0,5.6703730701804504,0.9137298003711604,,,,0.9475804118103219
mobility-daily-summary-google:108274213374340954232-2015-02-01-moves-app,google:108274213374340954232,org.openmhealth.dsu.domain.DataPoint,cornell,mobility-daily-summary,1.0,0.0,2015-02-01T23:59:59.999-05:00,1422853199999,Mobility-DPU-v1.0-Moves-App,SENSED,2015-02-01,Moves-App,3433.0,3.157,3825.0,5.566447930215514,1.4036463595797024,,,,0.4104677137466869
mobility-daily-summary-google:108274213374340954232-2015-02-02-moves-app,google:108274213374340954232,org.openmhealth.dsu.domain.DataPoint,cornell,mobility-daily-summary,1.0,0.0,2015-02-02T23:59:59.999-05:00,1422939599999,Mobility-DPU-v1.0-Moves-App,SENSED,2015-02-02,Moves-App,25.0,0.014,21.0,0.2696143281117894,,,,,0.8290142247016749
mobility-daily-summary-google:108274213374340954232-2015-02-03-moves-app,google:108274213374340954232,org.openmhealth.dsu.domain.DataPoint,cornell,mobility-daily-summary,1.0,0.0,2015-02-03T23:59:59.999-05:00,1423025999999,Mobility-DPU-v1.0-Moves-App,SENSED,2015-02-03,Moves-App,2103.0,1.812,1988.0,5.45499484537313,1.1404557697090256,0.0,0.0,33394.0,0.9864003055590921
mobility-daily-summary-google:108274213374340954232-2015-02-04-moves-app,google:108274213374340954232,org.openmhealth.dsu.domain.DataPoint,cornell,mobility-daily-summary,1.0,0.0,2015-02-04T23:59:59.999-05:00,1423112399999,Mobility-DPU-v1.0-Moves-App,SENSED,2015-02-04,Moves-App,4645.0,3.801,4852.0,3975.307006255901,1.0961909712964328,,,,0.5898795124943575
mobility-daily-summary-google:108274213374340954232-2015-02-05-moves-app,google:108274213374340954232,org.openmhealth.dsu.domain.DataPoint,cornell,mobility-daily-summary,1.0,0.0,2015-02-05T23:59:59.999-05:00,1423198799999,Mobility-DPU-v1.0-Moves-App,SENSED,2015-02-05,Moves-App,5486.0,5.215,3529.0,1.8172724327894931,1.6158036582337003,0.0,0.0,13840.0,0.9689116772184863
mobility-daily-summary-google:108274213374340954232-2015-02-06-moves-app,google:108274213374340954232,org.openmhealth.dsu.domain.DataPoint,cornell,mobility-daily-summary,1.0,0.0,2015-02-06T23:59:59.999-05:00,1423285199999,Mobility-DPU-v1.0-Moves-App,SENSED,2015-02-06,Moves-App,10051.0,9.515,10721.0,2.1628899300927635,1.3504973566076484,0.0,0.0,30616.0,1.0
mobility-daily-summary-google:108274213374340954232-2015-02-07-moves-app,google:108274213374340954232,org.openmhealth.dsu.domain.DataPoint,cornell,mobility-daily-summary,1.0,0.0,2015-02-07T23:59:59.999-05:00,1423371599999,Mobility-DPU-v1.0-Moves-App,SENSED,2015-02-07,Moves-App,0.0,0.0,0.0,0.0,,,,0.0,0.08310281368997326
mobility-daily-summary-google:108274213374340954232-2015-02-08-moves-app,google:108274213374340954232,org.openmhealth.dsu.domain.DataPoint,cornell,mobility-daily-summary,1.0,0.0,2015-02-08T23:59:59.999-05:00,1423457999999,Mobility-DPU-v1.0-Moves-App,SENSED,2015-02-08,Moves-App,73.0,0.04,76.0,0.0,,,,0.0,0.7357724047732034
mobility-daily-summary-google:108274213374340954232-2015-02-09-moves-app,google:108274213374340954232,org.openmhealth.dsu.domain.DataPoint,cornell,mobility-daily-summary,1.0,0.0,2015-02-09T23:59:59.999-05:00,1423544399999,Mobility-DPU-v1.0-Moves-App,SENSED,2015-02-09,Moves-App,0.0,0.0,0.0,0.0,,,,0.0,0.3425965578305304
mobility-daily-summary-google:108274213374340954232-2015-02-10-moves-app,google:108274213374340954232,org.openmhealth.dsu.domain.DataPoint,cornell,mobility-daily-summary,1.0,0.0,2015-02-10T23:59:59.999-05:00,1423630799999,Mobility-DPU-v1.0-Moves-App,SENSED,2015-02-10,Moves-App,2762.0,2.187,2282.0,0.8063982079907843,1.3478105416834352,,,,0.936804824129909
mobility-daily-summary-google:108274213374340954232-2015-02-11-moves-app,google:108274213374340954232,org.openmhealth.dsu.domain.DataPoint,cornell,mobility-daily-summary,1.0,0.0,2015-02-11T23:59:59.999-05:00,1423717199999,Mobility-DPU-v1.0-Moves-App,SENSED,2015-02-11,Moves-App,2143.0,2.042,1877.0,0.7968869768170316,1.106448877625974,,,,0.7454021458581697
mobility-daily-summary-google:108274213374340954232-2015-02-12-moves-app,google:108274213374340954232,org.openmhealth.dsu.domain.DataPoint,cornell,mobility-daily-summary,1.0,0.0,2015-02-12T23:59:59.999-05:00,1423803599999,Mobility-DPU-v1.0-Moves-App,SENSED,2015-02-12,Moves-App,5887.0,5.83,5226.0,0.9956150179911653,1.4483436516300159,,,,1.0
mobility-daily-summary-google:108274213374340954232-2015-02-13-android,google:108274213374340954232,org.openmhealth.dsu.domain.DataPoint,cornell,mobility-daily-summary,1.0,0.0,2015-02-13T23:59:59.999-05:00,1423889999999,Mobility-DPU-v1.0-Android,SENSED,2015-02-13,Android,0.0,0.0,,0.0,,,,0.0,0.1167374622391463
mobility-daily-summary-google:108274213374340954232-2015-02-13-moves-app,google:108274213374340954232,org.openmhealth.dsu.domain.DataPoint,cornell,mobility-daily-summary,1.0,0.0,2015-02-13T23:59:59.999-05:00,1423889999999,Mobility-DPU-v1.0-Moves-App,SENSED,2015-02-13,Moves-App,1389.0,1.237,808.0,0.7875558148758705,1.0210726503708059,,,,1.0
mobility-daily-summary-google:108274213374340954232-2015-02-14-android,google:108274213374340954232,org.openmhealth.dsu.domain.DataPoint,cornell,mobility-daily-summary,1.0,0.0,2015-02-14T00:59:58.000-05:00,1423893598000,Mobility-DPU-v1.0-Android,SENSED,2015-02-14,Android,0.0,0.0,,0.0,,,,0.0,0.04164400050926515
mobility-daily-summary-google:108274213374340954232-2015-02-14-moves-app,google:108274213374340954232,org.openmhealth.dsu.domain.DataPoint,cornell,mobility-daily-summary,1.0,0.0,2015-02-14T23:59:59.999-05:00,1423976399999,Mobility-DPU-v1.0-Moves-App,SENSED,2015-02-14,Moves-App,32.0,0.024,46.0,0.0,,,,0.0,1.0
mobility-daily-summary-google:108274213374340954232-2015-02-15-android,google:108274213374340954232,org.openmhealth.dsu.domain.DataPoint,cornell,mobility-daily-summary,1.0,0.0,2015-02-15T21:31:11.000-05:00,1424053871000,Mobility-DPU-v1.0-Android,SENSED,2015-02-15,Android,0.0,0.0,,0.0,,,,0.0,0.8595932823296566
mobility-daily-summary-google:108274213374340954232-2015-02-15-moves-app,google:108274213374340954232,org.openmhealth.dsu.domain.DataPoint,cornell,mobility-daily-summary,1.0,0.0,2015-02-15T23:59:59.999-05:00,1424062799999,Mobility-DPU-v1.0-Moves-App,SENSED,2015-02-15,Moves-App,6.0,0.004,7.0,0.0,,,,0.0,0.388349402192155
mobility-daily-summary-google:108274213374340954232-2015-02-16-moves-app,google:108274213374340954232,org.openmhealth.dsu.domain.DataPoint,cornell,mobility-daily-summary,1.0,0.0,2015-02-16T23:59:59.999-05:00,1424149199999,Mobility-DPU-v1.0-Moves-App,SENSED,2015-02-16,Moves-App,2209.0,2.367,3030.0,3975.4727148896163,1.0441177992739568,,,,0.7043947267908193
mobility-daily-summary-google:108274213374340954232-2015-02-17-moves-app,google:108274213374340954232,org.openmhealth.dsu.domain.DataPoint,cornell,mobility-daily-summary,1.0,0.0,2015-02-17T23:59:59.999-05:00,1424235599999,Mobility-DPU-v1.0-Moves-App,SENSED,2015-02-17,Moves-App,3062.0,3.29,4678.0,5.510890380377003,1.3680577365491204,0.0,0.0,32898.0,0.9999652773758956
mobility-daily-summary-google:108274213374340954232-2015-02-18-moves-app,google:108274213374340954232,org.openmhealth.dsu.domain.DataPoint,cornell,mobility-daily-summary,1.0,0.0,2015-02-18T23:59:59.999-05:00,1424321999999,Mobility-DPU-v1.0-Moves-App,SENSED,2015-02-18,Moves-App,5028.0,4.901,7069.0,6.268919326705549,1.2816615941522822,,,,0.9999884257919652
mobility-daily-summary-google:108274213374340954232-2015-02-19-android,google:108274213374340954232,org.openmhealth.dsu.domain.DataPoint,cornell,mobility-daily-summary,1.0,0.0,2015-02-19T23:59:59.999-05:00,1424408399999,Mobility-DPU-v1.0-Android,SENSED,2015-02-19,Android,327.0,0.0,,5.253205473497524,,,,,0.1699788191992963
mobility-daily-summary-google:108274213374340954232-2015-02-19-moves-app,google:108274213374340954232,org.openmhealth.dsu.domain.DataPoint,cornell,mobility-daily-summary,1.0,0.0,2015-02-19T23:59:59.999-05:00,1424408399999,Mobility-DPU-v1.0-Moves-App,SENSED,2015-02-19,Moves-App,2235.0,2.112,2709.0,5.419793376353245,0.5147531791975078,0.0,0.0,47883.0,0.9216310373962662
mobility-daily-summary-google:108274213374340954232-2015-02-20-android,google:108274213374340954232,org.openmhealth.dsu.domain.DataPoint,cornell,mobility-daily-summary,1.0,0.0,2015-02-20T23:59:59.999-05:00,1424494799999,Mobility-DPU-v1.0-Android,SENSED,2015-02-20,Android,0.0,0.0,,0.0,,,,0.0,1.0
mobility-daily-summary-google:108274213374340954232-2015-02-20-moves-app,google:108274213374340954232,org.openmhealth.dsu.domain.DataPoint,cornell,mobility-daily-summary,1.0,0.0,2015-02-20T23:59:59.999-05:00,1424494799999,Mobility-DPU-v1.0-Moves-App,SENSED,2015-02-20,Moves-App,116.0,0.079,149.0,0.0,,,,0.0,0.9700228011898286
mobility-daily-summary-google:108274213374340954232-2015-02-21-android,google:108274213374340954232,org.openmhealth.dsu.domain.DataPoint,cornell,mobility-daily-summary,1.0,0.0,2015-02-21T23:59:59.999-05:00,1424581199999,Mobility-DPU-v1.0-Android,SENSED,2015-02-21,Android,4165.0,0.5265026661105413,,5.255859304561407,1.7656557086568276,,,,0.9896989548490145
mobility-daily-summary-google:108274213374340954232-2015-02-21-moves-app,google:108274213374340954232,org.openmhealth.dsu.domain.DataPoint,cornell,mobility-daily-summary,1.0,0.0,2015-02-21T23:59:59.999-05:00,1424581199999,Mobility-DPU-v1.0-Moves-App,SENSED,2015-02-21,Moves-App,4080.0,4.404,5406.0,5.842970219583976,1.6053289179270573,0.0,0.0,44484.0,0.9992245280616674
mobility-daily-summary-google:108274213374340954232-2015-02-22-android,google:108274213374340954232,org.openmhealth.dsu.domain.DataPoint,cornell,mobility-daily-summary,1.0,0.0,2015-02-22T23:59:59.999-05:00,1424667599999,Mobility-DPU-v1.0-Android,SENSED,2015-02-22,Android,2566.0,0.7126531455416292,,0.0018419538933662069,1.7452768885652663,,,0.0,0.9946295674718457
mobility-daily-summary-google:108274213374340954232-2015-02-22-moves-app,google:108274213374340954232,org.openmhealth.dsu.domain.DataPoint,cornell,mobility-daily-summary,1.0,0.0,2015-02-22T23:59:59.999-05:00,1424667599999,Mobility-DPU-v1.0-Moves-App,SENSED,2015-02-22,Moves-App,3646.0,3.293,5457.0,1.1613541950884312,1.2579474189597721,0.0,0.0,8567.0,0.9999652773758956
mobility-daily-summary-google:108274213374340954232-2015-02-23-android,google:108274213374340954232,org.openmhealth.dsu.domain.DataPoint,cornell,mobility-daily-summary,1.0,0.0,2015-02-23T23:59:59.999-05:00,1424753999999,Mobility-DPU-v1.0-Android,SENSED,2015-02-23,Android,2584.0,1.5318806567379597,,5.255909006067022,1.9002487826077727,0.0,0.0,29787.0,0.9918286091274205
mobility-daily-summary-google:108274213374340954232-2015-02-23-moves-app,google:108274213374340954232,org.openmhealth.dsu.domain.DataPoint,cornell,mobility-daily-summary,1.0,0.0,2015-02-23T23:59:59.999-05:00,1424753999999,Mobility-DPU-v1.0-Moves-App,SENSED,2015-02-23,Moves-App,3541.0,3.65,5190.0,5.23276037113926,1.080541845992483,0.0,0.0,29837.0,1.0
mobility-daily-summary-google:108274213374340954232-2015-02-24-android,google:108274213374340954232,org.openmhealth.dsu.domain.DataPoint,cornell,mobility-daily-summary,1.0,0.0,2015-02-24T23:59:59.999-05:00,1424840399999,Mobility-DPU-v1.0-Android,SENSED,2015-02-24,Android,4723.0,1.5901795686603521,,5.253297643955986,1.811603805430368,0.0,0.0,32975.0,0.983205824141483
mobility-daily-summary-google:108274213374340954232-2015-02-24-moves-app,google:108274213374340954232,org.openmhealth.dsu.domain.DataPoint,cornell,mobility-daily-summary,1.0,0.0,2015-02-24T23:59:59.999-05:00,1424840399999,Mobility-DPU-v1.0-Moves-App,SENSED,2015-02-24,Moves-App,5686.0,5.599,8171.0,5.23276037113926,1.0538594091528226,0.0,0.0,32377.0,0.9999768515839303
mobility-daily-summary-google:108274213374340954232-2015-02-25-android,google:108274213374340954232,org.openmhealth.dsu.domain.DataPoint,cornell,mobility-daily-summary,1.0,0.0,2015-02-25T14:45:28.000-05:00,1424893528000,Mobility-DPU-v1.0-Android,SENSED,2015-02-25,Android,282.0,0.10458720992054385,,5.305263014730874,1.1920822147357637,,,,0.1739950693873772
mobility-daily-summary-google:108274213374340954232-2015-02-25-moves-app,google:108274213374340954232,org.openmhealth.dsu.domain.DataPoint,cornell,mobility-daily-summary,1.0,0.0,2015-02-25T23:59:59.999-05:00,1424926799999,Mobility-DPU-v1.0-Moves-App,SENSED,2015-02-25,Moves-App,1345.0,1.48,1577.0,5.23276037113926,1.5297224507382574,0.0,0.0,67336.0,0.562541233116124
mobility-daily-summary-google:108274213374340954232-2015-02-26-android,google:108274213374340954232,org.openmhealth.dsu.domain.DataPoint,cornell,mobility-daily-summary,1.0,0.0,2015-02-26T21:49:49.000-05:00,1425005389000,Mobility-DPU-v1.0-Android,SENSED,2015-02-26,Android,1365.0,0.9198958216608334,,5.276171485433042,2.068190092355238,,,,0.3934652021435433
mobility-daily-summary-google:108274213374340954232-2015-02-26-moves-app,google:108274213374340954232,org.openmhealth.dsu.domain.DataPoint,cornell,mobility-daily-summary,1.0,0.0,2015-02-26T23:59:59.999-05:00,1425013199999,Mobility-DPU-v1.0-Moves-App,SENSED,2015-02-26,Moves-App,2398.0,2.263,3470.0,5.26997318252956,0.973299745976185,,,,0.909049873262422
mobility-daily-summary-google:108274213374340954232-2015-02-27-android,google:108274213374340954232,org.openmhealth.dsu.domain.DataPoint,cornell,mobility-daily-summary,1.0,0.0,2015-02-27T23:59:59.999-05:00,1425099599999,Mobility-DPU-v1.0-Android,SENSED,2015-02-27,Android,1586.0,0.7384867882218962,,5.561867141237967,2.3046515746359693,0.0,0.0,28797.0,0.5559207861202097
mobility-daily-summary-google:108274213374340954232-2015-02-27-moves-app,google:108274213374340954232,org.openmhealth.dsu.domain.DataPoint,cornell,mobility-daily-summary,1.0,0.0,2015-02-27T23:59:59.999-05:00,1425099599999,Mobility-DPU-v1.0-Moves-App,SENSED,2015-02-27,Moves-App,2316.0,2.271,2874.0,5.540053544508548,2.3354090286846567,0.0,0.0,28642.0,0.565550527205176
mobility-daily-summary-google:108274213374340954232-2015-02-28-android,google:108274213374340954232,org.openmhealth.dsu.domain.DataPoint,cornell,mobility-daily-summary,1.0,0.0,2015-02-28T23:59:59.999-05:00,1425185999999,Mobility-DPU-v1.0-Android,SENSED,2015-02-28,Android,5511.0,4.581001417783674,,5.248007128968648,1.942528741256968,0.0,0.0,37867.0,0.9915161055104804
mobility-daily-summary-google:108274213374340954232-2015-02-28-moves-app,google:108274213374340954232,org.openmhealth.dsu.domain.DataPoint,cornell,mobility-daily-summary,1.0,0.0,2015-02-28T23:59:59.999-05:00,1425185999999,Mobility-DPU-v1.0-Moves-App,SENSED,2015-02-28,Moves-App,5985.0,5.873,8559.0,5.268846954151032,1.3818972273467456,0.0,0.0,37837.0,0.9999884257919652
mobility-daily-summary-google:108274213374340954232-2015-03-01-android,google:108274213374340954232,org.openmhealth.dsu.domain.DataPoint,cornell,mobility-daily-summary,1.0,0.0,2015-03-01T23:59:59.999-05:00,1425272399999,Mobility-DPU-v1.0-Android,SENSED,2015-03-01,Android,0.0,0.0,,0.0,,,,0.0,1.0
mobility-daily-summary-google:108274213374340954232-2015-03-01-moves-app,google:108274213374340954232,org.openmhealth.dsu.domain.DataPoint,cornell,mobility-daily-summary,1.0,0.0,2015-03-01T23:59:59.999-05:00,1425272399999,Mobility-DPU-v1.0-Moves-App,SENSED,2015-03-01,Moves-App,26.0,0.014,22.0,0.0,,,,0.0,1.0
mobility-daily-summary-google:108274213374340954232-2015-03-02-android,google:108274213374340954232,org.openmhealth.dsu.domain.DataPoint,cornell,mobility-daily-summary,1.0,0.0,2015-03-02T23:59:59.999-05:00,1425358799999,Mobility-DPU-v1.0-Android,SENSED,2015-03-02,Android,2288.0,1.7286959373930928,,5.259690862372014,2.6136226237814566,0.0,0.0,27291.0,0.5720089352886029
mobility-daily-summary-google:108274213374340954232-2015-03-02-moves-app,google:108274213374340954232,org.openmhealth.dsu.domain.DataPoint,cornell,mobility-daily-summary,1.0,0.0,2015-03-02T23:59:59.999-05:00,1425358799999,Mobility-DPU-v1.0-Moves-App,SENSED,2015-03-02,Moves-App,1977.0,2.38,2831.0,5.306086592917058,1.5574294436826048,0.0,0.0,26932.0,0.5768585284551905
mobility-daily-summary-google:108274213374340954232-2015-03-03-android,google:108274213374340954232,org.openmhealth.dsu.domain.DataPoint,cornell,mobility-daily-summary,1.0,0.0,2015-03-03T23:59:59.999-05:00,1425445199999,Mobility-DPU-v1.0-Android,SENSED,2015-03-03,Android,2343.0,1.5416132641983846,,5.288697191971796,1.6556253039365505,0.0,0.0,37430.0,0.9883563467169759
mobility-daily-summary-google:108274213374340954232-2015-03-03-moves-app,google:108274213374340954232,org.openmhealth.dsu.domain.DataPoint,cornell,mobility-daily-summary,1.0,0.0,2015-03-03T23:59:59.999-05:00,1425445199999,Mobility-DPU-v1.0-Moves-App,SENSED,2015-03-03,Moves-App,2623.0,2.745,4096.0,5.306086592917058,1.2863161805893812,0.0,0.0,40402.0,0.9704510468871167
mobility-daily-summary-google:108274213374340954232-2015-03-04-moves-app,google:108274213374340954232,org.openmhealth.dsu.domain.DataPoint,cornell,mobility-daily-summary,1.0,0.0,2015-03-04T23:59:59.999-05:00,1425531599999,Mobility-DPU-v1.0-Moves-App,SENSED,2015-03-04,Moves-App,2754.0,2.488,3352.0,3973.909561179095,1.1334786428876489,,,,0.9999768515839303
mobility-daily-summary-google:108274213374340954232-2015-03-04-android,google:108274213374340954232,org.openmhealth.dsu.domain.DataPoint,cornell,mobility-daily-summary,1.0,0.0,2015-03-04T23:59:59.999-08:00,1425542399999,Mobility-DPU-v1.0-Android,SENSED,2015-03-04,Android,0.0,0.0,,0.0,,,,0.0,0.4629798956006435
mobility-daily-summary-google:108274213374340954232-2015-03-05-android,google:108274213374340954232,org.openmhealth.dsu.domain.DataPoint,cornell,mobility-daily-summary,1.0,0.0,2015-03-05T00:06:41.000-08:00,1425542801000,Mobility-DPU-v1.0-Android,SENSED,2015-03-05,Android,0.0,0.0,,0.0,,,,0.0,0.004641257421960902
mobility-daily-summary-google:108274213374340954232-2015-03-05-moves-app,google:108274213374340954232,org.openmhealth.dsu.domain.DataPoint,cornell,mobility-daily-summary,1.0,0.0,2015-03-05T23:59:59.999-05:00,1425617999999,Mobility-DPU-v1.0-Moves-App,SENSED,2015-03-05,Moves-App,0.0,0.0,0.0,0.0,,,,0.0,0.1316103195638838
mobility-daily-summary-google:108274213374340954232-2015-03-06-moves-app,google:108274213374340954232,org.openmhealth.dsu.domain.DataPoint,cornell,mobility-daily-summary,1.0,0.0,2015-03-06T23:59:59.999-05:00,1425704399999,Mobility-DPU-v1.0-Moves-App,SENSED,2015-03-06,Moves-App,1766.0,1.802,2466.0,0.7968869768170316,1.5145707246865765,,,,0.6828551256380282
mobility-daily-summary-google:108274213374340954232-2015-03-06-android,google:108274213374340954232,org.openmhealth.dsu.domain.DataPoint,cornell,mobility-daily-summary,1.0,0.0,2015-03-06T23:59:59.999-08:00,1425715199999,Mobility-DPU-v1.0-Android,SENSED,2015-03-06,Android,1573.0,1.235362004593653,,0.7930451551703968,1.6828773461628006,0.0,0.0,43938.0,0.693769603814859
mobility-daily-summary-google:108274213374340954232-2015-03-07-moves-app,google:108274213374340954232,org.openmhealth.dsu.domain.DataPoint,cornell,mobility-daily-summary,1.0,0.0,2015-03-07T23:59:59.999-05:00,1425790799999,Mobility-DPU-v1.0-Moves-App,SENSED,2015-03-07,Moves-App,16.0,0.008,16.0,0.0,,,,0.0,0.8868273938355768
mobility-daily-summary-google:108274213374340954232-2015-03-07-android,google:108274213374340954232,org.openmhealth.dsu.domain.DataPoint,cornell,mobility-daily-summary,1.0,0.0,2015-03-07T23:59:59.999-07:00,1425797999999,Mobility-DPU-v1.0-Android,SENSED,2015-03-07,Android,0.0,0.0,,0.0,,,,0.0,0.970184840102316
mobility-daily-summary-google:108274213374340954232-2015-03-08-moves-app,google:108274213374340954232,org.openmhealth.dsu.domain.DataPoint,cornell,mobility-daily-summary,1.0,0.0,2015-03-08T23:59:59.999-04:00,1425873599999,Mobility-DPU-v1.0-Moves-App,SENSED,2015-03-08,Moves-App,26.0,0.017,34.0,0.0,,,,0.0,1.0
mobility-daily-summary-google:108274213374340954232-2015-03-08-android,google:108274213374340954232,org.openmhealth.dsu.domain.DataPoint,cornell,mobility-daily-summary,1.0,0.0,2015-03-08T23:59:59.999-07:00,1425884399999,Mobility-DPU-v1.0-Android,SENSED,2015-03-08,Android,0.0,0.0,,0.0011982158645682795,,,,0.0,0.628375328418153
mobility-daily-summary-google:108274213374340954232-2015-03-09-moves-app,google:108274213374340954232,org.openmhealth.dsu.domain.DataPoint,cornell,mobility-daily-summary,1.0,0.0,2015-03-09T23:59:59.999-04:00,1425959999999,Mobility-DPU-v1.0-Moves-App,SENSED,2015-03-09,Moves-App,6.0,0.005,10.0,0.0,,,,0.0,1.0
mobility-daily-summary-google:108274213374340954232-2015-03-09-android,google:108274213374340954232,org.openmhealth.dsu.domain.DataPoint,cornell,mobility-daily-summary,1.0,0.0,2015-03-09T23:59:59.999-07:00,1425970799999,Mobility-DPU-v1.0-Android,SENSED,2015-03-09,Android,1839.0,1.1520517635589567,,0.7745839721543927,2.318503001588135,,,,0.9954397620342827
mobility-daily-summary-google:108274213374340954232-2015-03-10-moves-app,google:108274213374340954232,org.openmhealth.dsu.domain.DataPoint,cornell,mobility-daily-summary,1.0,0.0,2015-03-10T23:59:59.999-04:00,1426046399999,Mobility-DPU-v1.0-Moves-App,SENSED,2015-03-10,Moves-App,2390.0,2.535,2634.0,0.7349930462725027,1.3669548958115767,0.0,0.0,11054.0,1.0
mobility-daily-summary-google:108274213374340954232-2015-03-10-android,google:108274213374340954232,org.openmhealth.dsu.domain.DataPoint,cornell,mobility-daily-summary,1.0,0.0,2015-03-10T23:59:59.999-07:00,1426057199999,Mobility-DPU-v1.0-Android,SENSED,2015-03-10,Android,427.0,0.0,,0.0,,,,0.0,0.9962731050127895
mobility-daily-summary-google:108274213374340954232-2015-03-11-moves-app,google:108274213374340954232,org.openmhealth.dsu.domain.DataPoint,cornell,mobility-daily-summary,1.0,0.0,2015-03-11T23:59:59.999-04:00,1426132799999,Mobility-DPU-v1.0-Moves-App,SENSED,2015-03-11,Moves-App,6037.0,6.486,6114.0,1.1246685125720906,1.4113600721745987,0.0,0.0,18341.0,0.9771293649232051
mobility-daily-summary-google:108274213374340954232-2015-03-11-android,google:108274213374340954232,org.openmhealth.dsu.domain.DataPoint,cornell,mobility-daily-summary,1.0,0.0,2015-03-11T23:59:59.999-07:00,1426143599999,Mobility-DPU-v1.0-Android,SENSED,2015-03-11,Android,7052.0,4.338606950394926,,1.2255306399177097,1.5888075121602596,0.0,0.0,18798.0,0.9924767647773701
mobility-daily-summary-google:108274213374340954232-2015-03-12-moves-app,google:108274213374340954232,org.openmhealth.dsu.domain.DataPoint,cornell,mobility-daily-summary,1.0,0.0,2015-03-12T23:59:59.999-04:00,1426219199999,Mobility-DPU-v1.0-Moves-App,SENSED,2015-03-12,Moves-App,55.0,0.035,67.0,0.0,,,,0.0,1.0
mobility-daily-summary-google:108274213374340954232-2015-03-12-android,google:108274213374340954232,org.openmhealth.dsu.domain.DataPoint,cornell,mobility-daily-summary,1.0,0.0,2015-03-12T23:59:59.999-07:00,1426229999999,Mobility-DPU-v1.0-Android,SENSED,2015-03-12,Android,0.0,0.0,,0.0,,,,0.0,1.0
mobility-daily-summary-google:108274213374340954232-2015-03-13-moves-app,google:108274213374340954232,org.openmhealth.dsu.domain.DataPoint,cornell,mobility-daily-summary,1.0,0.0,2015-03-13T23:59:59.999-04:00,1426305599999,Mobility-DPU-v1.0-Moves-App,SENSED,2015-03-13,Moves-App,7873.0,7.756,11418.0,2.1628899300927635,1.3401764045633662,0.0,0.0,31407.0,0.9999652773758956
mobility-daily-summary-google:108274213374340954232-2015-03-13-android,google:108274213374340954232,org.openmhealth.dsu.domain.DataPoint,cornell,mobility-daily-summary,1.0,0.0,2015-03-13T21:03:01.000-07:00,1426305781000,Mobility-DPU-v1.0-Android,SENSED,2015-03-13,Android,8211.0,6.182960367656403,,2.1652974382639534,1.697929183012803,0.0,0.0,31872.0,0.8574867764673202
mobility-daily-summary-google:108274213374340954232-2015-03-14-moves-app,google:108274213374340954232,org.openmhealth.dsu.domain.DataPoint,cornell,mobility-daily-summary,1.0,0.0,2015-03-14T23:59:59.999-04:00,1426391999999,Mobility-DPU-v1.0-Moves-App,SENSED,2015-03-14,Moves-App,418.0,0.291,413.0,3.019000095677499,,0.0,0.0,7856.0,0.5963379205777845
mobility-daily-summary-google:108274213374340954232-2015-03-14-android,google:108274213374340954232,org.openmhealth.dsu.domain.DataPoint,cornell,mobility-daily-summary,1.0,0.0,2015-03-14T23:59:59.999-07:00,1426402799999,Mobility-DPU-v1.0-Android,SENSED,2015-03-14,Android,0.0,0.0,,3.0129100019334087,,0.0,0.0,7854.0,0.7168485746362805
mobility-daily-summary-google:108274213374340954232-2015-03-15-moves-app,google:108274213374340954232,org.openmhealth.dsu.domain.DataPoint,cornell,mobility-daily-summary,1.0,0.0,2015-03-15T23:59:59.999-04:00,1426478399999,Mobility-DPU-v1.0-Moves-App,SENSED,2015-03-15,Moves-App,85.0,0.049,78.0,0.0,,,,0.0,1.0
mobility-daily-summary-google:108274213374340954232-2015-03-15-android,google:108274213374340954232,org.openmhealth.dsu.domain.DataPoint,cornell,mobility-daily-summary,1.0,0.0,2015-03-15T23:59:59.999-07:00,1426489199999,Mobility-DPU-v1.0-Android,SENSED,2015-03-15,Android,0.0,0.0,,0.0,,,,0.0,1.0
mobility-daily-summary-google:108274213374340954232-2015-03-16-moves-app,google:108274213374340954232,org.openmhealth.dsu.domain.DataPoint,cornell,mobility-daily-summary,1.0,0.0,2015-03-16T23:59:59.999-04:00,1426564799999,Mobility-DPU-v1.0-Moves-App,SENSED,2015-03-16,Moves-App,1531.0,1.704,1849.0,3975.2583339184716,1.7327174966783099,,,,1.0
mobility-daily-summary-google:108274213374340954232-2015-03-16-android,google:108274213374340954232,org.openmhealth.dsu.domain.DataPoint,cornell,mobility-daily-summary,1.0,0.0,2015-03-17T00:44:36.000-04:00,1426567476000,Mobility-DPU-v1.0-Android,SENSED,2015-03-16,Android,232.0,0.1184206004854313,,3974.9500153421072,0.6167739608616213,,,,0.8994201321774558
mobility-daily-summary-google:108274213374340954232-2015-03-17-android,google:108274213374340954232,org.openmhealth.dsu.domain.DataPoint,cornell,mobility-daily-summary,1.0,0.0,2015-03-17T23:59:59.999-04:00,1426651199999,Mobility-DPU-v1.0-Android,SENSED,2015-03-17,Android,3089.0,1.524356264734853,,5.300024600472384,1.826457143942594,0.0,0.0,40838.0,0.8150557298116876
mobility-daily-summary-google:108274213374340954232-2015-03-17-moves-app,google:108274213374340954232,org.openmhealth.dsu.domain.DataPoint,cornell,mobility-daily-summary,1.0,0.0,2015-03-17T23:59:59.999-04:00,1426651199999,Mobility-DPU-v1.0-Moves-App,SENSED,2015-03-17,Moves-App,3857.0,3.898,5339.0,21.76818765935508,1.2756692113461676,,,,0.8585516036065232
mobility-daily-summary-google:108274213374340954232-2015-03-18-android,google:108274213374340954232,org.openmhealth.dsu.domain.DataPoint,cornell,mobility-daily-summary,1.0,0.0,2015-03-18T23:59:59.999-04:00,1426737599999,Mobility-DPU-v1.0-Android,SENSED,2015-03-18,Android,1109.0,0.6575343460929921,,6.839305856650577,1.549729470295112,0.0,0.0,37760.0,0.9289227884581998
mobility-daily-summary-google:108274213374340954232-2015-03-18-moves-app,google:108274213374340954232,org.openmhealth.dsu.domain.DataPoint,cornell,mobility-daily-summary,1.0,0.0,2015-03-18T23:59:59.999-04:00,1426737599999,Mobility-DPU-v1.0-Moves-App,SENSED,2015-03-18,Moves-App,2315.0,1.876,2674.0,6.854928972867916,0.891452887958397,0.0,0.0,37708.0,0.9254852486718596
mobility-daily-summary-google:108274213374340954232-2015-03-19-android,google:108274213374340954232,org.openmhealth.dsu.domain.DataPoint,cornell,mobility-daily-summary,1.0,0.0,2015-03-19T19:59:10.000-04:00,1426809550000,Mobility-DPU-v1.0-Android,SENSED,2015-03-19,Android,3316.0,0.0,,0.0,,,,,0.822231738793273
mobility-daily-summary-google:108274213374340954232-2015-03-19-moves-app,google:108274213374340954232,org.openmhealth.dsu.domain.DataPoint,cornell,mobility-daily-summary,1.0,0.0,2015-03-19T23:59:59.999-04:00,1426823999999,Mobility-DPU-v1.0-Moves-App,SENSED,2015-03-19,Moves-App,3119.0,3.53,4718.0,0.0,,,,0.0,0.8328684359772683
mobility-daily-summary-google:108274213374340954232-2015-03-20-moves-app,google:108274213374340954232,org.openmhealth.dsu.domain.DataPoint,cornell,mobility-daily-summary,1.0,0.0,2015-03-20T23:59:59.999-04:00,1426910399999,Mobility-DPU-v1.0-Moves-App,SENSED,2015-03-20,Moves-App,1439.0,1.244,1957.0,5.268846954151032,0.8946467482877904,,,,0.9492818203914397
mobility-daily-summary-google:108274213374340954232-2015-03-20-android,google:108274213374340954232,org.openmhealth.dsu.domain.DataPoint,cornell,mobility-daily-summary,1.0,0.0,2015-03-20T23:59:59.999-04:00,1426910399999,Mobility-DPU-v1.0-Android,SENSED,2015-03-20,Android,772.0,0.35531825182082,,5.2595768800618945,0.9775257232484416,,,,0.9411451521429646
mobility-daily-summary-google:108274213374340954232-2015-03-21-android,google:108274213374340954232,org.openmhealth.dsu.domain.DataPoint,cornell,mobility-daily-summary,1.0,0.0,2015-03-21T23:59:59.999-04:00,1426996799999,Mobility-DPU-v1.0-Android,SENSED,2015-03-21,Android,2241.0,0.7110950372706943,,5.436851645811056,1.307600301418549,,,,0.7080637507378558
mobility-daily-summary-google:108274213374340954232-2015-03-21-moves-app,google:108274213374340954232,org.openmhealth.dsu.domain.DataPoint,cornell,mobility-daily-summary,1.0,0.0,2015-03-21T23:59:59.999-04:00,1426996799999,Mobility-DPU-v1.0-Moves-App,SENSED,2015-03-21,Moves-App,4088.0,3.645,5750.0,5.437574096643766,1.0995868679498433,,,,0.7124388013750159
mobility-daily-summary-google:108274213374340954232-2015-03-22-moves-app,google:108274213374340954232,org.openmhealth.dsu.domain.DataPoint,cornell,mobility-daily-summary,1.0,0.0,2015-03-22T23:59:59.999-04:00,1427083199999,Mobility-DPU-v1.0-Moves-App,SENSED,2015-03-22,Moves-App,2705.0,2.563,3831.0,5.4149815448198275,1.26416609131166,,,,0.9999884257919652
mobility-daily-summary-google:108274213374340954232-2015-03-22-android,google:108274213374340954232,org.openmhealth.dsu.domain.DataPoint,cornell,mobility-daily-summary,1.0,0.0,2015-03-22T23:59:59.999-04:00,1427083199999,Mobility-DPU-v1.0-Android,SENSED,2015-03-22,Android,1908.0,0.0,,0.0,,,,,0.9863540087269529
mobility-daily-summary-google:108274213374340954232-2015-03-23-android,google:108274213374340954232,org.openmhealth.dsu.domain.DataPoint,cornell,mobility-daily-summary,1.0,0.0,2015-03-23T23:59:59.999-04:00,1427169599999,Mobility-DPU-v1.0-Android,SENSED,2015-03-23,Android,3354.0,2.3827907092303535,,5.410114041743621,2.4112316757647485,,,,0.6270558687021841
mobility-daily-summary-google:108274213374340954232-2015-03-23-moves-app,google:108274213374340954232,org.openmhealth.dsu.domain.DataPoint,cornell,mobility-daily-summary,1.0,0.0,2015-03-23T23:59:59.999-04:00,1427169599999,Mobility-DPU-v1.0-Moves-App,SENSED,2015-03-23,Moves-App,3590.0,3.687,4916.0,5.491795975133557,1.45459110523717,0.0,0.0,64479.0,0.6366508871630459
mobility-daily-summary-google:108274213374340954232-2015-03-24-android,google:108274213374340954232,org.openmhealth.dsu.domain.DataPoint,cornell,mobility-daily-summary,1.0,0.0,2015-03-24T23:59:59.999-04:00,1427255999999,Mobility-DPU-v1.0-Android,SENSED,2015-03-24,Android,3030.0,1.7256058889276495,,7.123766610656751,1.3443861723095056,0.0,0.0,34118.0,0.982962765772752
mobility-daily-summary-google:108274213374340954232-2015-03-24-moves-app,google:108274213374340954232,org.openmhealth.dsu.domain.DataPoint,cornell,mobility-daily-summary,1.0,0.0,2015-03-24T23:59:59.999-04:00,1427255999999,Mobility-DPU-v1.0-Moves-App,SENSED,2015-03-24,Moves-App,3781.0,3.659,4252.0,7.139558078534046,1.2375779031598753,0.0,0.0,34071.0,0.9999884257919652
mobility-daily-summary-google:108274213374340954232-2015-03-25-android,google:108274213374340954232,org.openmhealth.dsu.domain.DataPoint,cornell,mobility-daily-summary,1.0,0.0,2015-03-25T23:59:59.999-04:00,1427342399999,Mobility-DPU-v1.0-Android,SENSED,2015-03-25,Android,2409.0,0.9269176543766314,,5.259303353690477,1.5443524980085386,0.0,0.0,29206.0,0.759221750251739
mobility-daily-summary-google:108274213374340954232-2015-03-25-moves-app,google:108274213374340954232,org.openmhealth.dsu.domain.DataPoint,cornell,mobility-daily-summary,1.0,0.0,2015-03-25T23:59:59.999-04:00,1427342399999,Mobility-DPU-v1.0-Moves-App,SENSED,2015-03-25,Moves-App,2443.0,2.647,3361.0,5.3935992236313846,1.4205899438891099,0.0,0.0,28243.0,0.7750784152594359
mobility-daily-summary-google:108274213374340954232-2015-03-26-android,google:108274213374340954232,org.openmhealth.dsu.domain.DataPoint,cornell,mobility-daily-summary,1.0,0.0,2015-03-26T23:59:59.999-04:00,1427428799999,Mobility-DPU-v1.0-Android,SENSED,2015-03-26,Android,300.0,0.07250512998316672,,5.271339821551099,0.3477907052346244,,,,0.8706235025868355
mobility-daily-summary-google:108274213374340954232-2015-03-26-moves-app,google:108274213374340954232,org.openmhealth.dsu.domain.DataPoint,cornell,mobility-daily-summary,1.0,0.0,2015-03-26T23:59:59.999-04:00,1427428799999,Mobility-DPU-v1.0-Moves-App,SENSED,2015-03-26,Moves-App,1355.0,1.035,1265.0,5.408166139047578,0.6580173928355616,,,,0.8718387944304911
mobility-daily-summary-google:108274213374340954232-2015-03-27-moves-app,google:108274213374340954232,org.openmhealth.dsu.domain.DataPoint,cornell,mobility-daily-summary,1.0,0.0,2015-03-27T23:59:59.999-04:00,1427515199999,Mobility-DPU-v1.0-Moves-App,SENSED,2015-03-27,Moves-App,769.0,0.762,991.0,5.306086592917058,0.9778035013159003,,,,1.0
mobility-daily-summary-google:108274213374340954232-2015-03-27-android,google:108274213374340954232,org.openmhealth.dsu.domain.DataPoint,cornell,mobility-daily-summary,1.0,0.0,2015-03-27T23:59:59.999-04:00,1427515199999,Mobility-DPU-v1.0-Android,SENSED,2015-03-27,Android,0.0,0.0,,0.0,,,,0.0,0.2738226136876584
mobility-daily-summary-google:108274213374340954232-2015-03-28-moves-app,google:108274213374340954232,org.openmhealth.dsu.domain.DataPoint,cornell,mobility-daily-summary,1.0,0.0,2015-03-28T23:59:59.999-04:00,1427601599999,Mobility-DPU-v1.0-Moves-App,SENSED,2015-03-28,Moves-App,3373.0,2.644,3835.0,0.2989712968264651,0.9593868180102296,0.0,0.0,3749.0,1.0
mobility-daily-summary-google:108274213374340954232-2015-03-28-android,google:108274213374340954232,org.openmhealth.dsu.domain.DataPoint,cornell,mobility-daily-summary,1.0,0.0,2015-03-28T23:59:59.999-04:00,1427601599999,Mobility-DPU-v1.0-Android,SENSED,2015-03-28,Android,1000.0,0.5630975850765907,,0.32121320229150485,1.837623991576366,0.0,0.0,3799.0,0.3989860993761502
mobility-daily-summary-google:108274213374340954232-2015-03-29-moves-app,google:108274213374340954232,org.openmhealth.dsu.domain.DataPoint,cornell,mobility-daily-summary,1.0,0.0,2015-03-29T23:59:59.999-04:00,1427687999999,Mobility-DPU-v1.0-Moves-App,SENSED,2015-03-29,Moves-App,1930.0,1.806,2545.0,6.340431976104916,0.9700035486459375,0.0,0.0,16161.0,0.9467817914559196
mobility-daily-summary-google:108274213374340954232-2015-03-29-android,google:108274213374340954232,org.openmhealth.dsu.domain.DataPoint,cornell,mobility-daily-summary,1.0,0.0,2015-03-29T23:59:59.999-04:00,1427687999999,Mobility-DPU-v1.0-Android,SENSED,2015-03-29,Android,1724.0,0.7833909601334644,,6.32823596520832,1.812195406678895,0.0,0.0,18958.0,0.9576499728006111
mobility-daily-summary-google:108274213374340954232-2015-03-30-moves-app,google:108274213374340954232,org.openmhealth.dsu.domain.DataPoint,cornell,mobility-daily-summary,1.0,0.0,2015-03-30T23:59:59.999-04:00,1427774399999,Mobility-DPU-v1.0-Moves-App,SENSED,2015-03-30,Moves-App,1926.0,1.814,1922.0,5.464874140150693,1.0440425133402882,0.0,0.0,28809.0,0.9739348835055961
mobility-daily-summary-google:108274213374340954232-2015-03-30-android,google:108274213374340954232,org.openmhealth.dsu.domain.DataPoint,cornell,mobility-daily-summary,1.0,0.0,2015-03-30T23:59:59.999-04:00,1427774399999,Mobility-DPU-v1.0-Android,SENSED,2015-03-30,Android,2163.0,1.0602461701434618,,5.4884375187252425,1.3405520191163212,0.0,0.0,29213.0,0.9936804824129909
mobility-daily-summary-google:108274213374340954232-2015-03-31-moves-app,google:108274213374340954232,org.openmhealth.dsu.domain.DataPoint,cornell,mobility-daily-summary,1.0,0.0,2015-03-31T23:59:59.999-04:00,1427860799999,Mobility-DPU-v1.0-Moves-App,SENSED,2015-03-31,Moves-App,2104.0,2.297,2929.0,5.455589208649408,1.8847291313421959,0.0,0.0,37748.0,0.8750911468882742
mobility-daily-summary-google:108274213374340954232-2015-03-31-android,google:108274213374340954232,org.openmhealth.dsu.domain.DataPoint,cornell,mobility-daily-summary,1.0,0.0,2015-03-31T23:59:59.999-04:00,1427860799999,Mobility-DPU-v1.0-Android,SENSED,2015-03-31,Android,0.0,0.0,,0.0027286390987627186,,,,0.0,0.1649324644961169
mobility-daily-summary-google:108274213374340954232-2015-04-01-moves-app,google:108274213374340954232,org.openmhealth.dsu.domain.DataPoint,cornell,mobility-daily-summary,1.0,0.0,2015-04-01T23:59:59.999-04:00,1427947199999,Mobility-DPU-v1.0-Moves-App,SENSED,2015-04-01,Moves-App,3618.0,3.649,4844.0,5.26997318252956,1.463599819449988,,,,1.0
mobility-daily-summary-google:108274213374340954232-2015-04-01-android,google:108274213374340954232,org.openmhealth.dsu.domain.DataPoint,cornell,mobility-daily-summary,1.0,0.0,2015-04-01T23:59:59.999-04:00,1427947199999,Mobility-DPU-v1.0-Android,SENSED,2015-04-01,Android,1327.0,40.66307808798602,,4.674965881877957,3.656699796594447,0.0,0.0,1390.0,0.9923263000729176
mobility-daily-summary-google:108274213374340954232-2015-04-02-android,google:108274213374340954232,org.openmhealth.dsu.domain.DataPoint,cornell,mobility-daily-summary,1.0,0.0,2015-04-02T23:59:59.999-04:00,1428033599999,Mobility-DPU-v1.0-Android,SENSED,2015-04-02,Android,3673.0,3.6014718944268824,,5.621170582147209,2.9340835049338265,0.0,0.0,24613.0,0.7997430525816271
mobility-daily-summary-google:108274213374340954232-2015-04-02-moves-app,google:108274213374340954232,org.openmhealth.dsu.domain.DataPoint,cornell,mobility-daily-summary,1.0,0.0,2015-04-02T23:59:59.999-04:00,1428033599999,Mobility-DPU-v1.0-Moves-App,SENSED,2015-04-02,Moves-App,4616.0,4.951,6838.0,5.656903375212109,1.1447679729801084,,,,1.0
mobility-daily-summary-google:108274213374340954232-2015-04-03-android,google:108274213374340954232,org.openmhealth.dsu.domain.DataPoint,cornell,mobility-daily-summary,1.0,0.0,2015-04-03T23:59:59.999-04:00,1428119999999,Mobility-DPU-v1.0-Android,SENSED,2015-04-03,Android,1860.0,2.5533339196153704,,5.545005092174669,3.0032084343200447,0.0,0.0,21657.0,0.987407261658121
mobility-daily-summary-google:108274213374340954232-2015-04-03-moves-app,google:108274213374340954232,org.openmhealth.dsu.domain.DataPoint,cornell,mobility-daily-summary,1.0,0.0,2015-04-03T23:59:59.999-04:00,1428119999999,Mobility-DPU-v1.0-Moves-App,SENSED,2015-04-03,Moves-App,3707.0,3.539,4867.0,5.454228350525625,0.9486520615420736,0.0,0.0,40805.0,0.9999884257919652
mobility-daily-summary-google:108274213374340954232-2015-04-04-android,google:108274213374340954232,org.openmhealth.dsu.domain.DataPoint,cornell,mobility-daily-summary,1.0,0.0,2015-04-04T23:59:59.999-04:00,1428206399999,Mobility-DPU-v1.0-Android,SENSED,2015-04-04,Android,1261.0,20.812016122725176,,5.437407360866433,2.9090840600327303,0.0,0.0,74099.0,0.1924096343707682
mobility-daily-summary-google:108274213374340954232-2015-04-04-moves-app,google:108274213374340954232,org.openmhealth.dsu.domain.DataPoint,cornell,mobility-daily-summary,1.0,0.0,2015-04-04T23:59:59.999-04:00,1428206399999,Mobility-DPU-v1.0-Moves-App,SENSED,2015-04-04,Moves-App,2201.0,2.388,3293.0,5.420954563771342,1.2201832898728528,0.0,0.0,29490.0,1.0
mobility-daily-summary-google:108274213374340954232-2015-04-05-moves-app,google:108274213374340954232,org.openmhealth.dsu.domain.DataPoint,cornell,mobility-daily-summary,1.0,0.0,2015-04-05T23:59:59.999-04:00,1428292799999,Mobility-DPU-v1.0-Moves-App,SENSED,2015-04-05,Moves-App,2164.0,2.713,3110.0,5.437574096643766,1.9391247557251112,0.0,0.0,40201.0,0.8068959131471429
mobility-daily-summary-google:108274213374340954232-2015-04-05-android,google:108274213374340954232,org.openmhealth.dsu.domain.DataPoint,cornell,mobility-daily-summary,1.0,0.0,2015-04-05T23:59:59.999-04:00,1428292799999,Mobility-DPU-v1.0-Android,SENSED,2015-04-05,Android,1376.0,1.7170217105714234,,5.314001841142642,3.0612715271323045,0.0,0.0,39119.0,0.8029028113751318
mobility-daily-summary-google:108274213374340954232-2015-04-06-android,google:108274213374340954232,org.openmhealth.dsu.domain.DataPoint,cornell,mobility-daily-summary,1.0,0.0,2015-04-06T23:59:59.999-04:00,1428379199999,Mobility-DPU-v1.0-Android,SENSED,2015-04-06,Android,4377.0,4.409328819386156,,5.263046429115093,2.7884566973190497,0.0,0.0,32108.0,0.9941665991504531
mobility-daily-summary-google:108274213374340954232-2015-04-06-moves-app,google:108274213374340954232,org.openmhealth.dsu.domain.DataPoint,cornell,mobility-daily-summary,1.0,0.0,2015-04-06T23:59:59.999-04:00,1428379199999,Mobility-DPU-v1.0-Moves-App,SENSED,2015-04-06,Moves-App,4167.0,3.731,5652.0,5.268846954151032,1.0334920960185199,0.0,0.0,32014.0,1.0
mobility-daily-summary-google:108274213374340954232-2015-04-07-android,google:108274213374340954232,org.openmhealth.dsu.domain.DataPoint,cornell,mobility-daily-summary,1.0,0.0,2015-04-07T18:00:07.422-04:00,1428444007422,Mobility-DPU-v1.0-Android,SENSED,2015-04-07,Android,3194.0,7.117974298434032,,5.495448044286869,2.3920952970790137,,,,0.7399275454577021
mobility-daily-summary-google:108274213374340954232-2015-04-07-moves-app,google:108274213374340954232,org.openmhealth.dsu.domain.DataPoint,cornell,mobility-daily-summary,1.0,0.0,2015-04-07T23:59:59.999-04:00,1428465599999,Mobility-DPU-v1.0-Moves-App,SENSED,2015-04-07,Moves-App,3181.0,3.683,4631.0,5.437574096643766,2.27113562188523,,,,0.7496846028310513
mobility-daily-summary-google:108274213374340954232-2015-04-08-android,google:108274213374340954232,org.openmhealth.dsu.domain.DataPoint,cornell,mobility-daily-summary,1.0,0.0,2015-04-08T23:59:59.999-04:00,1428551999999,Mobility-DPU-v1.0-Android,SENSED,2015-04-08,Android,4416.0,4.306159697172541,,5.25523940114578,2.8857875688601404,,,,0.5981550712392505
mobility-daily-summary-google:108274213374340954232-2015-04-08-moves-app,google:108274213374340954232,org.openmhealth.dsu.domain.DataPoint,cornell,mobility-daily-summary,1.0,0.0,2015-04-08T23:59:59.999-04:00,1428551999999,Mobility-DPU-v1.0-Moves-App,SENSED,2015-04-08,Moves-App,4179.0,4.881,6333.0,5.268846954151032,1.7838885483960785,0.0,0.0,51497.0,0.6052847833886966
mobility-daily-summary-google:108274213374340954232-2015-04-09-android,google:108274213374340954232,org.openmhealth.dsu.domain.DataPoint,cornell,mobility-daily-summary,1.0,0.0,2015-04-09T22:17:36.185-04:00,1428632256185,Mobility-DPU-v1.0-Android,SENSED,2015-04-09,Android,1454.0,1.5039294339920901,,5.414306189006219,2.9474722626524366,0.0,0.0,33841.0,0.8995821710899432
mobility-daily-summary-google:108274213374340954232-2015-04-09-moves-app,google:108274213374340954232,org.openmhealth.dsu.domain.DataPoint,cornell,mobility-daily-summary,1.0,0.0,2015-04-09T23:59:59.999-04:00,1428638399999,Mobility-DPU-v1.0-Moves-App,SENSED,2015-04-09,Moves-App,1786.0,1.733,2258.0,5.437574096643766,0.906726663721324,0.0,0.0,33821.0,0.9827660042361601
mobility-daily-summary-google:108274213374340954232-2015-04-10-moves-app,google:108274213374340954232,org.openmhealth.dsu.domain.DataPoint,cornell,mobility-daily-summary,1.0,0.0,2015-04-10T23:59:59.999-04:00,1428724799999,Mobility-DPU-v1.0-Moves-App,SENSED,2015-04-10,Moves-App,2002.0,1.722,2094.0,5.437574096643766,2.8385297937561913,,,,0.764742647484346
mobility-daily-summary-google:108274213374340954232-2015-04-11-android,google:108274213374340954232,org.openmhealth.dsu.domain.DataPoint,cornell,mobility-daily-summary,1.0,0.0,2015-04-11T09:48:39.194-04:00,1428760119194,Mobility-DPU-v1.0-Android,SENSED,2015-04-11,Android,941.0,0.936804037527228,,0.0,2.2116593127039494,,,0.0,0.03625041956504126
mobility-daily-summary-google:108274213374340954232-2015-04-11-moves-app,google:108274213374340954232,org.openmhealth.dsu.domain.DataPoint,cornell,mobility-daily-summary,1.0,0.0,2015-04-11T23:59:59.999-04:00,1428811199999,Mobility-DPU-v1.0-Moves-App,SENSED,2015-04-11,Moves-App,2143.0,2.864,3216.0,5.437574096643766,1.3352183439147889,,,,0.6296947881341219
mobility-daily-summary-google:108274213374340954232-2015-04-12-moves-app,google:108274213374340954232,org.openmhealth.dsu.domain.DataPoint,cornell,mobility-daily-summary,1.0,0.0,2015-04-12T23:59:59.999-04:00,1428897599999,Mobility-DPU-v1.0-Moves-App,SENSED,2015-04-12,Moves-App,30.0,0.015,30.0,0.0,,,,0.0,1.0
mobility-daily-summary-google:108274213374340954232-2015-04-13-moves-app,google:108274213374340954232,org.openmhealth.dsu.domain.DataPoint,cornell,mobility-daily-summary,1.0,0.0,2015-04-13T23:59:59.999-04:00,1428983999999,Mobility-DPU-v1.0-Moves-App,SENSED,2015-04-13,Moves-App,30.0,0.015,30.0,0.0,,,,0.0,0.3700390050810773
